date,dist,co,no2,o3,so2,ch4,hcho
2018-04-30,q1,0.03651905804872513,5.898750896449201e-05,0.12750932574272156,0,0,0
2018-05-01,q1,0.03576464578509331,5.3163294069236144e-05,0.12875640392303467,0,0,0
2018-05-02,q1,0.037217818200588226,5.091739149065688e-05,0.12705302238464355,0,0,0
2018-05-03,q1,0,0,0.12087864428758621,0,0,0
2018-05-04,q1,0,0,0.12171152234077454,0,0,0
2018-05-05,q1,0.030627457424998283,9.254361793864518e-05,0.12035895884037018,0,0,0
2018-05-06,q1,0.028809700161218643,1.412538313161349e-05,0.12013997882604599,0,0,0
2018-05-07,q1,0.03164505213499069,0,0.11901780962944031,0,0,0
2018-05-08,q1,0,0,0.12244568765163422,0,0,0
2018-05-09,q1,0,0,0.12332617491483688,0.00021768597071059048,0,0
2018-05-10,q1,0.05544038116931915,0,0.12792402505874634,0,0,0
2018-05-11,q1,0.03105713613331318,0,0.12962767481803894,1.0679120350687299e-05,0,0
2018-05-12,q1,0.03393740579485893,0.00013561503146775067,0.12891936302185059,8.879914093995467e-05,0,0
2018-05-13,q1,0,0,0.12093833088874817,0,0,0
2018-05-14,q1,0.03127238526940346,0,0.12535592913627625,0,0,0.00030049271299503744
2018-05-15,q1,0.029315637424588203,0,0.12744854390621185,0,0,0.00044562557013705373
2018-05-16,q1,0.02951706014573574,0,0.1266321986913681,0,0,0.00026044025435112417
2018-05-17,q1,0,0,0.12754374742507935,0.00022612552857026458,0,0.0002717970928642899
2018-05-18,q1,0.0366549976170063,0.0001157034348580055,0.12771570682525635,0.0003838833072222769,0,0.00013307876361068338
2018-05-19,q1,0.037065066397190094,0,0.1265789419412613,0,0,0.0005022570840083063
2018-05-20,q1,0,0,0.12533946335315704,0,0,0
2018-05-21,q1,0.03785204887390137,0.00014787365216761827,0.1297849416732788,0,0,0.000311795505695045
2018-05-22,q1,0,0,0.12465933710336685,0,0,0
2018-05-23,q1,0,0,0.12739038467407227,0.00010120875958818942,0,0.00022926121891941875
2018-05-24,q1,0,0,0.12288399040699005,0,0,0
2018-05-25,q1,0.0341278500854969,0,0.12469978630542755,2.3502379917772487e-05,0,0.0003674983454402536
2018-05-26,q1,0.03155041113495827,0,0.12688733637332916,0,0,0.00038900732761248946
2018-05-27,q1,0.03156733885407448,0,0.12348131090402603,5.134818275109865e-05,0,0.0001826721418183297
2018-05-28,q1,0.033613577485084534,8.137004624586552e-05,0.1287510097026825,0.0003886912891175598,0,0.0002342825900996104
2018-05-29,q1,0,0,0.12540985643863678,0,0,9.206024174090999e-07
2018-05-30,q1,0.030793461948633194,0,0.1265549212694168,0,0,7.89181431173347e-05
2018-05-31,q1,0,0,0.1281764954328537,0.0002173437096644193,0,0.0006100554601289332
2018-06-01,q1,0,0,0.12671363353729248,0,0,0.0007079614442773163
2018-06-02,q1,0,0,0.12196865677833557,0,0,0
2018-06-03,q1,0,0,0.12003479152917862,0,0,0
2018-06-04,q1,0,0,0.11997706443071365,0,0,4.7814442950766534e-05
2018-06-05,q1,0.02824958600103855,0,0.12161081284284592,0.0003937750880140811,0,5.986360338283703e-05
2018-06-06,q1,0.024632113054394722,5.349687853595242e-05,0.1215921938419342,0,0,0.0002107077743858099
2018-06-07,q1,0.024527309462428093,0,0.12228234857320786,0,0,0.00017618325364310294
2018-06-08,q1,0,0,0.12016299366950989,0,0,0
2018-06-09,q1,0,0,0.11895529180765152,0,0,0
2018-06-10,q1,0.027150794863700867,0,0.12008340656757355,0.00012394454097375274,0,3.8340807805070654e-05
2018-06-11,q1,0,0,0,0,0,0
2018-06-12,q1,0,0,0.11875272542238235,0,0,0
2018-06-13,q1,0.02471880055963993,0,0.11854782700538635,0,0,0
2018-06-14,q1,0,0,0,0,0,0
2018-06-15,q1,0,0,0,0,0,0
2018-06-16,q1,0.02519143559038639,3.1286399462260306e-05,0.12037122994661331,0,0,9.261561353923753e-05
2018-06-17,q1,0.023726940155029297,0,0.11885491758584976,0,0,0
2018-06-18,q1,0,0,0.12241008132696152,0,0,0
2018-06-19,q1,0,0,0.12127141654491425,0,0,0
2018-06-20,q1,0.024742491543293,0,0.1209585964679718,0,0,0.00013829657109454274
2018-06-21,q1,0.026074178516864777,0,0.1231251209974289,3.828088301816024e-05,0,9.73125861492008e-05
2018-06-22,q1,0.027651073411107063,7.065066893119365e-05,0.12460020184516907,8.111233182717115e-05,0,5.739820153394248e-06
2018-06-23,q1,0.028570564463734627,0,0.12282802909612656,0,0,0.0001831080880947411
2018-06-24,q1,0,0,0.12454121559858322,0,0,0
2018-06-25,q1,0,0,0.12265939265489578,0.0001461506908526644,0,0.00023485691053792834
2018-06-26,q1,0,0,0.1262761801481247,0,0,0
2018-06-27,q1,0.02458270452916622,0,0.1223675087094307,0.0003409858327358961,0,0.00012888193305116147
2018-06-28,q1,0.03120397962629795,0,0.12088751047849655,0,0,0
2018-06-29,q1,0.02786247618496418,8.403186075156555e-05,0.12344099581241608,0,0,0.00029884756077080965
2018-06-30,q1,0,0,0.11975523084402084,0.0001416223676642403,0,0.00033503907616250217
2018-07-01,q1,0.02460491470992565,0,0.12106331437826157,0,0,5.20843495905865e-05
2018-07-02,q1,0.023866064846515656,0,0.12015452235937119,0.00014449478476308286,0,0.00016940420027822256
2018-07-03,q1,0.020605018362402916,0,0.12039807438850403,0,0,0
2018-07-04,q1,0.021548308432102203,0,0.12163268029689789,0,0,9.734185732668266e-05
2018-07-05,q1,0,0,0.12018883973360062,0,0,0
2018-07-06,q1,0,0,0.1205822303891182,0,0,0
2018-07-07,q1,0.026182524859905243,0,0.1222042366862297,0,0,0.00019529891142155975
2018-07-08,q1,0,0,0.12047544121742249,0,0,0
2018-07-09,q1,0.02306695282459259,0,0.12034905701875687,0,0,0
2018-07-10,q1,0,0,0.12320612370967865,0,0,0
2018-07-11,q1,0.022093448787927628,2.378487988607958e-05,0.12156809866428375,0,0,0.00011998709669569507
2018-07-12,q1,0.023034419864416122,0,0.12038819491863251,0,0,7.18034862075001e-05
2018-07-13,q1,0.027291251346468925,0,0.12011569738388062,0,0,0
2018-07-14,q1,0,0,0.1210029125213623,0,0,0
2018-07-15,q1,0,0,0.11989179998636246,0,0,0
2018-07-16,q1,0,0,0.12005093693733215,0,0,0
2018-07-17,q1,0,0,0.12132737785577774,0,0,5.769003109890036e-05
2018-07-18,q1,0,0,0.12045998126268387,0,0,0
2018-07-19,q1,0,0,0.11970940232276917,0,0,0
2018-07-20,q1,0.026194671168923378,0,0.12004450708627701,0,0,0
2018-07-21,q1,0,0,0.1204875260591507,0,0,0
2018-07-22,q1,0,0,0.11884336173534393,0,0,0.0001563586265547201
2018-07-23,q1,0,0,0.12162041664123535,0,0,0
2018-07-24,q1,0.024584684520959854,3.632707739598118e-05,0.12152725458145142,0,0,0.00019799651636276394
2018-07-25,q1,0,0,0.12300952523946762,0,0,0
2018-07-26,q1,0,0,0.11982322484254837,0,0,0.00019516637257765979
2018-07-27,q1,0,3.470020237728022e-05,0.12124283611774445,0.0003585423110052943,0,0.00015762342081870884
2018-07-28,q1,0,0,0.12123632431030273,0,0,7.071128493407741e-05
2018-07-29,q1,0,0,0.12182734906673431,0,0,0.00019666455045808107
2018-07-30,q1,0,0,0.12238828837871552,0,0,0
2018-07-31,q1,0.0257819052785635,0,0.1222984716296196,0,0,0.0002540886343922466
2018-08-01,q1,0,0,0.1214476004242897,0,0,0.0002827592834364623
2018-08-02,q1,0.024469928815960884,0,0.12157580256462097,0,0,0.00012236462498549372
2018-08-03,q1,0,0,0.1204744502902031,0,0,0
2018-08-04,q1,0.026867646723985672,0,0.12048571556806564,0,0,0.00016118434723466635
2018-08-05,q1,0,0,0.12153774499893188,0,0,0
2018-08-06,q1,0,0,0.1206798106431961,0,0,0.00014114627265371382
2018-08-07,q1,0,0,0.12233207374811172,0,0,0.0001866151433205232
2018-08-08,q1,0,0,0.121839240193367,0,0,0
2018-08-09,q1,0.027584213763475418,0,0.12128958851099014,0,0,0
2018-08-10,q1,0,0,0.11924038827419281,0,0,0
2018-08-11,q1,0,0,0.12076063454151154,0,0,0.00015372157213278115
2018-08-12,q1,0,0,0.12022557109594345,0.00014941301196813583,0,0.00015157046436797827
2018-08-13,q1,0,0,0.12051915377378464,0.0001256506220670417,0,0.00012156331649748608
2018-08-14,q1,0,0,0.12347451597452164,0,0,0
2018-08-15,q1,0,0,0.12360110133886337,0,0,0
2018-08-16,q1,0.028925862163305283,3.5041703085880727e-05,0.12328124791383743,0,0,4.0091217670124024e-05
2018-08-17,q1,0,0,0.12163383513689041,0,0,0
2018-08-18,q1,0,0,0.12276209145784378,0,0,0
2018-08-19,q1,0,5.3488551202462986e-05,0.12221831828355789,0.0007074589957483113,0,3.934301275876351e-05
2018-08-20,q1,0,0,0.12071480602025986,0,0,0
2018-08-21,q1,0.028721222653985023,0,0.12000013887882233,0,0,0.0001646490563871339
2018-08-22,q1,0,0,0.12019209563732147,0,0,0.00020601451979018748
2018-08-23,q1,0,0,0.12269595265388489,3.180901694577187e-05,0,9.881529695121571e-05
2018-08-24,q1,0,0,0.12213636934757233,4.579805681714788e-05,0,0.0002338909253012389
2018-08-25,q1,0,0,0.12393661588430405,0.0001720549480523914,0,0.00020465883426368237
2018-08-26,q1,0,0,0.12224137037992477,0.00035120410029776394,0,0.00025038147578015924
2018-08-27,q1,0,0,0.12241565436124802,0,0,0
2018-08-28,q1,0,3.764144639717415e-05,0.12197352945804596,0,0,0.00026988217723555863
2018-08-29,q1,0.027751214802265167,0,0.12319517135620117,3.828015906037763e-05,0,0.00012460256402846426
2018-08-30,q1,0,0,0.12064177542924881,0,0,0
2018-08-31,q1,0.024938875809311867,0,0.12187565863132477,2.0341913113952614e-05,0,0.0001759079605108127
2018-09-01,q1,0,0,0.12188056856393814,0,0,0.00024893638328649104
2018-09-02,q1,0,0,0.12237749248743057,0,0,0
2018-09-03,q1,0,0,0.1235821321606636,0,0,0
2018-09-04,q1,0.025568345561623573,0,0.11984404921531677,0,0,0
2018-09-05,q1,0.02782708965241909,0,0.12124195694923401,8.704625361133367e-05,0,0.00011949874897254631
2018-09-06,q1,0,0,0.12419924139976501,0,0,0
2018-09-07,q1,0,0,0.1252155601978302,8.677571167936549e-05,0,0
2018-09-08,q1,0,0,0.12280711531639099,0,0,0
2018-09-09,q1,0.03138521686196327,5.32631493115332e-05,0.12057613581418991,0,0,0.00022137830092106014
2018-09-10,q1,0.03041609190404415,7.980797090567648e-05,0.12033024430274963,5.299042823025957e-05,0,0.000161734817083925
2018-09-11,q1,0,0,0.12089172005653381,0,0,0
2018-09-12,q1,0,0,0.12114434689283371,0,0,0
2018-09-13,q1,0,0,0.12197677046060562,0,0,0
2018-09-14,q1,0,0,0.12053149938583374,0,0,0
2018-09-15,q1,0,0,0.12089773267507553,0,0,0
2018-09-16,q1,0,0,0.11862680315971375,0,0,0
2018-09-17,q1,0,0,0.12098641693592072,0.0011116752866655588,0,0
2018-09-18,q1,0,0,0.12022658437490463,0,0,0
2018-09-19,q1,0,0,0.12250154465436935,0,0,0.00012585696822497994
2018-09-20,q1,0.04435933753848076,0,0.11978704482316971,0,0,0
2018-09-21,q1,0,0,0.12024259567260742,0,0,0
2018-09-22,q1,0,0,0.11962652951478958,0,0,0
2018-09-23,q1,0,0,0.12084415555000305,0,0,0
2018-09-24,q1,0,0,0.11995727568864822,0,0,0
2018-09-25,q1,0.03416686877608299,7.247493340400979e-05,0.11994294077157974,0,0,0.00019936660828534514
2018-09-26,q1,0.031124379485845566,0,0.11921487003564835,0,0,0
2018-09-27,q1,0.03639601543545723,0,0.12441250681877136,0,0,0.00025788688799366355
2018-09-28,q1,0,0,0.12185915559530258,0,0,0
2018-09-29,q1,0,0,0.11836177855730057,0,0,0
2018-09-30,q1,0,0,0.12015675753355026,0,0,0
2018-10-01,q1,0.06242316961288452,0.0001683141745161265,0.11933460086584091,0,0,0.0002991297806147486
2018-10-02,q1,0,0,0.12060018628835678,0,0,0.0004010822158306837
2018-10-03,q1,0,0,0.12263253331184387,0,0,0.0004901754437014461
2018-10-04,q1,0,0,0.12080392241477966,3.4476381642889464e-06,0,0
2018-10-05,q1,0,0,0.1189492791891098,0,0,0
2018-10-06,q1,0,0,0.12318258732557297,0,0,0
2018-10-07,q1,0.03912854939699173,0,0.11931741237640381,0,0,0
2018-10-08,q1,0.04052374139428139,0,0.1225380152463913,0,0,0.00030335571500472724
2018-10-09,q1,0.04613310098648071,5.770012649009004e-05,0.12050794064998627,0.00028742619906552136,0,0.00031349147320725024
2018-10-10,q1,0,0,0.12051423639059067,7.675772940274328e-05,0,0.0002322350483154878
2018-10-11,q1,0,0,0.11916150152683258,4.465154006538796e-07,0,9.22439357964322e-05
2018-10-12,q1,0.035222601145505905,9.455537656322122e-05,0.12124712020158768,0,0,0.00046049608499743044
2018-10-13,q1,0,0,0.12067366391420364,0,0,0.00064865592867136
2018-10-14,q1,0,0,0.11865166574716568,0,0,0.00039973569801077247
2018-10-15,q1,0,0,0.11640211194753647,0,0,0.0002862164983525872
2018-10-16,q1,0.03493522107601166,7.128558354452252e-05,0.1157207265496254,0.0001066802506102249,0,0
2018-10-17,q1,0.0499618761241436,0.00015713994798716158,0.12057124078273773,0,0,0.0005445167771540582
2018-10-18,q1,0,0,0.11759646981954575,0,0,0.0003720830427482724
2018-10-19,q1,0,0,0.11499372869729996,0,0,0
2018-10-20,q1,0,0,0.11580724269151688,0,0,0.0002844554546754807
2018-10-21,q1,0,0,0.11430435627698898,0.0001985354901989922,0,6.503800977952778e-05
2018-10-22,q1,0,0,0.11715169996023178,0,0,0
2018-10-23,q1,0.03345861658453941,6.886164919706061e-05,0.12192130833864212,0.0005592411034740508,0,0.00016453380521852523
2018-10-24,q1,0,0,0.12133371829986572,0,0,0
2018-10-25,q1,0.030054090544581413,0,0.11603012681007385,0,0,0
2018-10-26,q1,0,0,0.11627040058374405,0.00036342404200695455,0,0.00015203123621176928
2018-10-27,q1,0.0366213321685791,8.767664257902652e-05,0.11869689077138901,4.256280590198003e-05,0,0.00019070945563726127
2018-10-28,q1,0,8.222187170758843e-05,0.11882098019123077,0.000228179240366444,0,0.0002795558248180896
2018-10-29,q1,0,0,0.11962618678808212,0,0,0.000305163353914395
2018-10-30,q1,0.04170888289809227,0.00010451437992742285,0.11790575832128525,5.322684955899604e-05,0,0.00028650337480939925
2018-10-31,q1,0.03607150912284851,9.871763177216053e-05,0.11528195440769196,0.0003124156501144171,0,0.00029206532053649426
2018-11-01,q1,0.03958399221301079,5.7559671404305845e-05,0.1184670627117157,0.00020677999418694526,0,4.828785313293338e-05
2018-11-02,q1,0,0,0.11910319328308105,0,0,0
2018-11-03,q1,0,0,0.11754503101110458,0,0,0
2018-11-04,q1,0.04437939450144768,7.56213121348992e-05,0.11386670917272568,0,0,0.00027464894810691476
2018-11-05,q1,0,0,0.11282053589820862,0,0,0
2018-11-06,q1,0,0,0.11558540165424347,0,0,0.000366775318980217
2018-11-07,q1,0,0,0.1148269772529602,0,0,0
2018-11-08,q1,0,0,0.11059851199388504,0,0,0
2018-11-09,q1,0.02928849868476391,3.4620938095031306e-05,0.1105329617857933,0,0,8.382743544643745e-05
2018-11-10,q1,0.028644895181059837,0,0.11252022534608841,0,0,0.00010681126150302589
2018-11-11,q1,0,4.562556205200963e-05,0.11394593864679337,0,0,0.00012753768533002585
2018-11-12,q1,0,0,0.11493650078773499,0,0,0.00021847740572411567
2018-11-13,q1,0.034683890640735626,0,0.11403791606426239,7.732019730610773e-05,0,0.00023433448222931474
2018-11-14,q1,0.040445346385240555,7.494726742152125e-05,0.11286386102437973,0.0005918287206441164,0,0.000252345489570871
2018-11-15,q1,0,0,0.1100909486413002,0,0,0
2018-11-16,q1,0,0,0.11010359972715378,0,0,0
2018-11-17,q1,0,0,0.11162194609642029,0,0,0
2018-11-18,q1,0,0,0.11151660978794098,0,0,0
2018-11-19,q1,0,0,0.11110170185565948,0,0,0
2018-11-20,q1,0.031707100570201874,0,0.11377852410078049,0.00029224393074400723,0,1.1367418665031437e-05
2018-11-21,q1,0.03215651959180832,0,0.11350323259830475,2.5030929464264773e-05,0,5.354070890462026e-05
2018-11-22,q1,0,0.00011856015771627426,0.11245197802782059,0,0,0.00040638537029735744
2018-11-23,q1,0,0,0.11209362745285034,0,0,0
2018-11-24,q1,0,0,0.1088128462433815,0,0,0
2018-11-25,q1,0,0,0.11082466691732407,0,0,0
2018-11-26,q1,0,0,0.10812147706747055,0,0,0
2018-11-27,q1,0.03604912757873535,0,0.11065001785755157,0.0002062850835500285,0,0.00019064774096477777
2018-11-28,q1,0.03569168597459793,0,0.10894637554883957,0,0,0
2018-11-29,q1,0.03407492861151695,6.644606764893979e-05,0.10895241051912308,0.00012366619193926454,0,0.00024645953089930117
2018-11-30,q1,0.04217042773962021,7.127040589693934e-05,0.1090058907866478,0,0,0.00020229867368470877
2018-12-01,q1,0.03265926614403725,6.218985799932852e-05,0.10991962254047394,0.0003069305093958974,0,0.00013566725829150528
2018-12-02,q1,0.03198721259832382,0,0.10860111564397812,0,0,0.00016848408267833292
2018-12-03,q1,0,0,0.1099180355668068,0,0,0.0002864009002223611
2018-12-04,q1,0.03150966390967369,9.056072303792462e-05,0.11052681505680084,8.098920807242393e-05,0,0.00017663290782365948
2018-12-05,q1,0.03401242196559906,0.00010469806875335053,0.10887602716684341,0,0,0.0002225869829999283
2018-12-06,q1,0,0,0.1060308888554573,0,0,0.00020334767759777606
2018-12-07,q1,0,0,0.10798928886651993,0,0,0
2018-12-08,q1,0,0,0.10729055106639862,0,0,0.00014593309606425464
2018-12-09,q1,0.030064228922128677,6.027381823514588e-05,0.106038399040699,0,0,0.00011588236520765349
2018-12-10,q1,0.027184538543224335,0,0.10669951885938644,0,0,0.00012256660556886345
2018-12-11,q1,0,0,0,0,0,0
2018-12-12,q1,0,0.0001295774127356708,0.11039989441633224,0.0004091363225597888,0,0.0005267928936518729
2018-12-13,q1,0,0,0.11209602653980255,0,0,0
2018-12-14,q1,0,0,0.11004652827978134,0,0,0
2018-12-15,q1,0.03512721136212349,0,0.10862315446138382,0,0,0
2018-12-16,q1,0.03000902384519577,6.412274524336681e-05,0.10501174628734589,0.0003880645672325045,0,0.00024016396491788328
2018-12-17,q1,0.045235197991132736,0,0.10596900433301926,3.1034782296046615e-05,0,0.0002643270418047905
2018-12-18,q1,0,0,0.10835423320531845,0.0005176047561690211,0,0.0003770222538150847
2018-12-19,q1,0.04831130802631378,0,0.11101676523685455,0,0,0.00029519855161197484
2018-12-20,q1,0.04380363970994949,0,0.10995301604270935,6.876062980154529e-05,0,0
2018-12-21,q1,0.051813602447509766,0,0.11128926277160645,0,0,0.0003270144516136497
2018-12-22,q1,0.04027910903096199,0,0.10405641049146652,0,0,0.0002908595488406718
2018-12-23,q1,0,0,0.10590431094169617,0,0,0.00028396572452038527
2018-12-24,q1,0.031659916043281555,0,0.10639829188585281,0,0,0
2018-12-25,q1,0,0,0.10612842440605164,0,0,0.00035349742393009365
2018-12-26,q1,0,0,0.10469796508550644,0,0,0
2018-12-27,q1,0.03656414523720741,0,0.10265962034463882,0,0,0
2018-12-28,q1,0,0,0.10271189361810684,0,0,0
2018-12-29,q1,0,0,0.10307075828313828,0,0,0.00014109344920143485
2018-12-30,q1,0.041514329612255096,0,0.10259400308132172,0,0,0
2018-12-31,q1,0,0,0.1040436401963234,0.0002516462991479784,0,0.0002508589532226324
2019-01-01,q1,0,0,0.10684261471033096,0,0,0
2019-01-02,q1,0,0,0.10511773079633713,0,0,0
2019-01-03,q1,0,0,0.10421539843082428,0,0,0
2019-01-04,q1,0.03699300438165665,0,0.10467264801263809,0,0,1.2434992640919518e-05
2019-01-05,q1,0.03466668725013733,5.5879438150441274e-05,0.10623824596405029,0.0003801523707807064,0,0.0002619523147586733
2019-01-06,q1,0.03554177284240723,3.144877337035723e-05,0.10798989236354828,6.726983701810241e-05,0,0.0001844533544499427
2019-01-07,q1,0.0329989418387413,6.897886487422511e-05,0.10783796012401581,0.00018603178614284843,0,5.8852703659795225e-05
2019-01-08,q1,0,0,0.10680537670850754,0,0,0
2019-01-09,q1,0.05312657356262207,0.0001366141514154151,0.11109814792871475,0,0,0.00031851002131588757
2019-01-10,q1,0.03391312435269356,5.354077075025998e-05,0.11048094928264618,0,0,0.00016890263941604644
2019-01-11,q1,0,0,0.10672467947006226,0,0,0
2019-01-12,q1,0.039167892187833786,0,0.10710692405700684,0,0,0.00014033497427590191
2019-01-13,q1,0.04379701241850853,7.241975981742144e-05,0.10556779056787491,9.987262455979362e-05,0,0.0003964943753089756
2019-01-14,q1,0.049852386116981506,0,0.10320890694856644,0,0,0.00030414044158533216
2019-01-15,q1,0.0478811040520668,0,0.10264918953180313,0.00014935854414943606,0,0
2019-01-16,q1,0.04433446004986763,7.6798525697086e-05,0.10347267985343933,0,0,0.00014445785200223327
2019-01-17,q1,0.036895863711833954,0,0.10285453498363495,0,0,0
2019-01-18,q1,0,8.053501369431615e-05,0.1085565909743309,0.0003793564101215452,0,0.0001745094923535362
2019-01-19,q1,0,0,0.10691896826028824,0.0004906959366053343,0,0.0003482940956018865
2019-01-20,q1,0.04861542582511902,0,0.10853783786296844,0.00014770888083148748,0,0.0003433999081607908
2019-01-21,q1,0.0446728840470314,0.00011137635738123208,0.10900957882404327,0,0,0.0002685910149011761
2019-01-22,q1,0.052922796458005905,8.955567318480462e-05,0.11280575394630432,1.7386792023899034e-05,0,0.0003284560516476631
2019-01-23,q1,0.06258133798837662,0.00011157348490087315,0.11030857264995575,0,0,0.0002618712023831904
2019-01-24,q1,0.05237693339586258,8.85112676769495e-05,0.10944237560033798,0,0,0.00047891002031974494
2019-01-25,q1,0,0.00012790726032108068,0.10700904577970505,0,0,0.00016619625966995955
2019-01-26,q1,0,0,0.10407863557338715,0,0,0.0004185236757621169
2019-01-27,q1,0.055941011756658554,0.00016652677732054144,0.10603064298629761,0,0,0.00042852689512073994
2019-01-28,q1,0,0.00010437948367325589,0.1065831184387207,7.039318006718531e-05,0,0.0004626842855941504
2019-01-29,q1,0.045034781098365784,0,0.10679531842470169,0.0002998308336827904,0,0.00019341275037731975
2019-01-30,q1,0,9.144484647549689e-05,0.108101025223732,0,0,0.00015674946189392358
2019-01-31,q1,0.04099008068442345,0,0.10604281723499298,1.162559783551842e-05,0,0
2019-02-01,q1,0.04486378654837608,0,0.10417365282773972,0,0,0
2019-02-02,q1,0.049091167747974396,0,0.10619013756513596,4.90761776745785e-05,0,8.373660239158198e-05
2019-02-03,q1,0.04934317618608475,0,0.10876738280057907,1.1585437277972233e-05,0,0.0002684500068426132
2019-02-04,q1,0.03949284180998802,0,0.10827550292015076,0,0,0
2019-02-05,q1,0,0,0.10910950601100922,0.0002658524317666888,0,0
2019-02-06,q1,0.037137046456336975,0,0.10792871564626694,0,0,0.000175712353666313
2019-02-07,q1,0.03892350569367409,0,0.10676781088113785,0,0,0.00013046750973444432
2019-02-08,q1,0.035715773701667786,0,0.10763010382652283,0,0,0
2019-02-09,q1,0.034999970346689224,0,0.10584260523319244,0.00019010448886547238,0,5.5897526181070134e-05
2019-02-10,q1,0.03445257246494293,5.072189014754258e-05,0.11000596731901169,0,0,0.00022107100812718272
2019-02-11,q1,0.03503682091832161,5.320061245583929e-05,0.10745002329349518,0,0,0.00021846052550245076
2019-02-12,q1,0.034225430339574814,3.6358989746076986e-05,0.10818247497081757,0,0,0.00021976444986648858
2019-02-13,q1,0,6.738981028320268e-05,0.1100928857922554,0.00022364198230206966,0,0.00024294410832226276
2019-02-14,q1,0.03322620317339897,6.684179970761761e-05,0.11159690469503403,0,0,0.0002187404315918684
2019-02-15,q1,0.03281381353735924,5.992831211187877e-05,0.1124514564871788,0.00015545023779850453,0,3.744056448340416e-05
2019-02-16,q1,0.03339557349681854,9.019346907734871e-05,0.11316034197807312,0,0,0.00014216129784472287
2019-02-17,q1,0.03507760167121887,0,0.11568780988454819,9.171132114715874e-05,0,0.00014960723638068885
2019-02-18,q1,0.03555493801832199,4.8678590246709064e-05,0.11415533721446991,0.00047324367915280163,0,5.889167368877679e-05
2019-02-19,q1,0.0383431576192379,0,0.11396991461515427,1.4189430430633365e-06,0,0.00020744143694173545
2019-02-20,q1,0.03447967395186424,3.8636968383798376e-05,0.11573377251625061,4.6530327381333336e-05,0,0
2019-02-21,q1,0.04152553901076317,0,0.11519651114940643,0,0,0.00019824418995995075
2019-02-22,q1,0.04172958806157112,0,0.11492083221673965,0,0,0.00029092145268805325
2019-02-23,q1,0.04015853628516197,0,0.11773594468832016,0,0,0.0003056679852306843
2019-02-24,q1,0.04558125138282776,6.856197433080524e-05,0.1167575865983963,0,0,0.00033186617656610906
2019-02-25,q1,0.04240664094686508,3.935240602004342e-05,0.1165914237499237,0.00014183908933773637,0,0.00015077143325470388
2019-02-26,q1,0.043595921248197556,0,0.11512790620326996,0,0,0.0001650304184295237
2019-02-27,q1,0.05132890120148659,9.304490231443197e-05,0.11850426346063614,0,0,0.00038949126610532403
2019-02-28,q1,0.044012606143951416,8.287310629384592e-05,0.11822725832462311,0,0,0.00014119877596385777
2019-03-01,q1,0.04992613196372986,8.90680676093325e-05,0.11911017447710037,0,0,0.0002724863006733358
2019-03-02,q1,0.04167216271162033,0,0.1163996234536171,0.00024633461725898087,0,0.00025258606183342636
2019-03-03,q1,0.041039545089006424,4.2844010749831796e-05,0.11602446436882019,0,0,0.0001927101839100942
2019-03-04,q1,0.043239906430244446,6.347567978082225e-05,0.11627306044101715,0,0,0.00022250754409469664
2019-03-05,q1,0.03605484962463379,8.678912854520604e-05,0.1131814643740654,0,0,0.0002012571058003232
2019-03-06,q1,0.033734556287527084,6.836935790488496e-05,0.11371289938688278,0.00039737322367727757,0,0.0003023695608135313
2019-03-07,q1,0.04392944648861885,9.749352466315031e-05,0.11563245207071304,0.0007605798309668899,0,0.0003535220166668296
2019-03-08,q1,0.04083539545536041,5.6047196267172694e-05,0.11382725834846497,0,0,0.00047145484131760895
2019-03-09,q1,0.04685484990477562,8.079403778538108e-05,0.11354676634073257,0,0,0.00014705235662404448
2019-03-10,q1,0.03716321289539337,5.837014032294974e-05,0.11184240132570267,0,0,0.00042286180541850626
2019-03-11,q1,0.06491822749376297,0.00013512220175471157,0.11411711573600769,0,0,0.0008116600220091641
2019-03-12,q1,0,0,0.11290252208709717,0,0,0
2019-03-13,q1,0.04752261936664581,7.195108628366143e-05,0.11311928182840347,0.0005183772882446647,0,0.00012344519200269133
2019-03-14,q1,0.04823378846049309,0,0.11225820332765579,0,0,0.0001491349539719522
2019-03-15,q1,0.05768032744526863,0.0001661993155721575,0.11324261873960495,0.00017463027324993163,0,0.0003535162250045687
2019-03-16,q1,0.07164240628480911,0.00011689797247527167,0.11550930142402649,0,0,0.0004504375683609396
2019-03-17,q1,0.06584259867668152,0,0.11338162422180176,0,0,0.00019960427016485482
2019-03-18,q1,0.05046623945236206,5.8609839470591396e-05,0.1148805096745491,0.0002977546537294984,0,0.00033306825207546353
2019-03-19,q1,0.0368461087346077,5.4857813665876165e-05,0.11063358932733536,0,0,0.00030971263186074793
2019-03-20,q1,0,0,0.1097000390291214,0,0,0
2019-03-21,q1,0.04232838749885559,0,0.11172156035900116,0,0,0.0004889218835160136
2019-03-22,q1,0.050747767090797424,0,0.11110665649175644,0,0,0.0003502546751406044
2019-03-23,q1,0.03910619765520096,0,0.10886643081903458,0,0,0
2019-03-24,q1,0.0359901525080204,0,0.10828422009944916,0,0,0
2019-03-25,q1,0,0,0.10987182706594467,0.0003825958992820233,0,0.00015250233991537243
2019-03-26,q1,0.03805999830365181,5.726929157390259e-05,0.11066094040870667,8.734210132388398e-05,0,0.00022639959934167564
2019-03-27,q1,0.038630325347185135,6.730662425979972e-05,0.11222945898771286,0,0,0.0002987859770655632
2019-03-28,q1,0,0,0.11273647844791412,0,0,0.00029204480233602226
2019-03-29,q1,0.040546759963035583,0,0.1119086965918541,0,0,0.0003710875753313303
2019-03-30,q1,0.04529353603720665,0,0.11410906165838242,6.384956941474229e-05,0,0.000285899150185287
2019-03-31,q1,0.04671864211559296,0,0.11207016557455063,2.1957201170152985e-05,0,9.996788139687851e-05
2019-04-01,q1,0.03620582073926926,0,0.10809091478586197,0,0,0
2019-04-02,q1,0.03631450608372688,8.590967627242208e-05,0.11355593800544739,0,0,0.0004699498531408608
2019-04-03,q1,0.04265422746539116,0,0.11435090005397797,0,0,0
2019-04-04,q1,0,0,0.11493318527936935,0,0,0
2019-04-05,q1,0,0,0.11473018676042557,0,0,0
2019-04-06,q1,0.043190423399209976,0,0.11238333582878113,0.00021255431056488305,0,0.00036828775773756206
2019-04-07,q1,0.03588441014289856,0,0.11227858066558838,0,0,0.0001955009065568447
2019-04-08,q1,0.03466914966702461,0,0.11402761936187744,6.65737534291111e-05,0,0.0001501503138570115
2019-04-09,q1,0.03353162854909897,0,0.11350603401660919,0,0,8.20593413664028e-05
2019-04-10,q1,0.038699280470609665,5.8366716984892264e-05,0.11400365829467773,6.113597191870213e-05,0,0.000137882714625448
2019-04-11,q1,0,0,0.11309962719678879,4.417801392264664e-05,0,0.0002220982132712379
2019-04-12,q1,0.03190692514181137,0,0.11376601457595825,0,0,0.00024143687915056944
2019-04-13,q1,0.03295142948627472,6.0435031628003344e-05,0.11483161896467209,0,0,7.163124246289954e-05
2019-04-14,q1,0.030968742445111275,4.521795199252665e-05,0.11450745910406113,0.0009440695866942406,0,5.1296912715770304e-05
2019-04-15,q1,0,0,0,0,0,0
2019-04-16,q1,0.03550039604306221,0,0.11293082684278488,0.00016346330812666565,0,0.00029091848409734666
2019-04-17,q1,0.03357011824846268,0,0.11742447316646576,0,0,0.0003769031318370253
2019-04-18,q1,0.03705110773444176,0,0.11740152537822723,0,0,0.00018752439063973725
2019-04-19,q1,0.03625468909740448,6.971488619456068e-05,0.11687744408845901,9.074617264559492e-05,0,0.00010096703044837341
2019-04-20,q1,0.03834473341703415,0,0.11550264805555344,0,0,0.0001474343443987891
2019-04-21,q1,0.03589620813727379,0,0.11652867496013641,0,0,0.00023127635358832777
2019-04-22,q1,0.03084074892103672,5.7092474889941514e-05,0.11900202929973602,0,0,0.0002184249897254631
2019-04-23,q1,0.03537866473197937,7.838109013391659e-05,0,0,0,0
2019-04-24,q1,0.03218502178788185,0,0.11843173950910568,0,0,0.0005639935261569917
2019-04-25,q1,0.03426531329751015,0,0.11970368772745132,0.0002058949030470103,0,0.00040589060517959297
2019-04-26,q1,0.03370748460292816,0,0.1202608272433281,9.716609929455444e-05,0,0.00021090192603878677
2019-04-27,q1,0.034572601318359375,6.678386125713587e-05,0.11757474392652512,1.7481552276876755e-05,0,0.0002564591995906085
2019-04-28,q1,0,0,0.1220225840806961,0,0,0
2019-04-29,q1,0,0,0,0,0,0
2019-04-30,q1,0.036277979612350464,0,0.1206580102443695,0,0,0.0003103485214523971
2019-05-01,q1,0.03992168977856636,0,0.12434016168117523,0,0,0.00027007676544599235
2019-05-02,q1,0,0,0.12331406027078629,8.165713370544836e-05,0,0.0006966256187297404
2019-05-03,q1,0.043189287185668945,0,0.12638965249061584,0,0,0
2019-05-04,q1,0.04827263951301575,5.909072933718562e-05,0.1272953301668167,0.0001787393121048808,0,0.0001401095069013536
2019-05-05,q1,0.045523691922426224,5.3885014494881034e-05,0.12350203841924667,3.6945475585525855e-05,0,0.00026210345095023513
2019-05-06,q1,0.03690753132104874,0,0.12307922542095184,0,0,0.0002521080314181745
2019-05-07,q1,0.043131791055202484,0,0.12116163969039917,0.00012582910130731761,0,0
2019-05-08,q1,0.03499897941946983,0,0.1203841120004654,1.2327582226134837e-05,0,0.00011869457375723869
2019-05-09,q1,0,0,0.12221590429544449,0,0,0
2019-05-10,q1,0,0,0.12076588720083237,0,0,0
2019-05-11,q1,0,0,0.11896452307701111,0,0,0
2019-05-12,q1,0,0,0.12111494690179825,0,0,0
2019-05-13,q1,0.033617809414863586,0,0.11924176663160324,2.8879570891149342e-05,0,0
2019-05-14,q1,0.030114060267806053,0,0.11702011525630951,0,0,0
2019-05-15,q1,0.03389851376414299,4.873241778113879e-05,0.11873643845319748,0.0003759561222977936,0,0.00015586889639962465
2019-05-16,q1,0.03255883976817131,0,0.11929551512002945,0,0,0.00020762652275152504
2019-05-17,q1,0.030569277703762054,0,0.12043920904397964,0,0,6.203703378560022e-05
2019-05-18,q1,0.031861960887908936,0,0.12104864418506622,0,0,0.00024407966702710837
2019-05-19,q1,0.03181782364845276,0,0.12097573280334473,0.00019059826445300132,0,0.00015762272232677788
2019-05-20,q1,0.034298840910196304,0,0.1228630393743515,0,0,0
2019-05-21,q1,0.03454913571476936,0,0.12349468469619751,0,0,0.000300646701361984
2019-05-22,q1,0,0,0.12198778241872787,0,0,0
2019-05-23,q1,0.03387552499771118,0,0.12202005088329315,0,0,0.000218496861634776
2019-05-24,q1,0,0,0.12112832069396973,0,0,0
2019-05-25,q1,0,0,0.12456350773572922,0,0,0
2019-05-26,q1,0.03205651044845581,0,0.12596803903579712,0,0,0
2019-05-27,q1,0.032310038805007935,0,0.12628431618213654,0.00043218766222707927,0,0.00012130447430536151
2019-05-28,q1,0,6.493231194326654e-05,0.12709948420524597,0,0,0.00015927535423543304
2019-05-29,q1,0,0,0.12983401119709015,0.00014291195839177817,0,0.0007044879021123052
2019-05-30,q1,0.04221634194254875,0.0001945263793459162,0.13015401363372803,0,0,0.000374941824702546
2019-05-31,q1,0.0316847525537014,9.659437637310475e-05,0.1273961067199707,5.747078830609098e-05,0,0.00013309066707734019
2019-06-01,q1,0.030868198722600937,9.995647997129709e-05,0.12892568111419678,0.00017870630836114287,0,0.0001944244868354872
2019-06-02,q1,0,0,0.12620700895786285,0,0,0.0004219536785967648
2019-06-03,q1,0,0,0.1250847727060318,0,0,0
2019-06-04,q1,0.033656660467386246,0.00010311049118172377,0.12789519131183624,0,0,0.0003803813015110791
2019-06-05,q1,0,0,0.12878283858299255,0.00011321993224555627,0,0.0001490456925239414
2019-06-06,q1,0.02913927659392357,4.5209664676804096e-05,0.12716612219810486,0.0003346016746945679,0,6.786056474084035e-05
2019-06-07,q1,0,0,0.12479862570762634,0.00037105914088897407,0,0.0003647520497906953
2019-06-08,q1,0.03192828223109245,0,0.12436246126890182,0,0,0
2019-06-09,q1,0.0264375451952219,3.8515805499628186e-05,0.12449663877487183,0,0,0.00016308737394865602
2019-06-10,q1,0,0,0.1214088425040245,0,0,0
2019-06-11,q1,0.02817530930042267,5.151728691998869e-05,0.12292592972517014,0.0005399092915467918,0,0.00016248536121565849
2019-06-12,q1,0,7.739837747067213e-05,0.12085749953985214,0.0008699113968759775,0,0.00022986084513831884
2019-06-13,q1,0.028484730049967766,5.834225157741457e-05,0.12174159288406372,9.687266719993204e-05,0,0.00022714422084391117
2019-06-14,q1,0,0,0.11939021199941635,0,0,0
2019-06-15,q1,0.023813342675566673,0,0.12050999701023102,0,0,0
2019-06-16,q1,0,0,0.11869627982378006,0,0,0
2019-06-17,q1,0,0,0.12091774493455887,0,0,0
2019-06-18,q1,0.0280386321246624,0,0.12076938152313232,0,0,0.00013122161908540875
2019-06-19,q1,0.0274702999740839,5.6383611081400886e-05,0.12322995811700821,0,0,4.6752553316764534e-05
2019-06-20,q1,0.02680470235645771,0,0.12307772785425186,0,0,0
2019-06-21,q1,0,0,0.12444275617599487,8.382544183405116e-05,0,0.0003658748755697161
2019-06-22,q1,0.031192785128951073,0,0.12217602878808975,0,0,0.00021988617663737386
2019-06-23,q1,0.024425359442830086,5.5730837630108e-05,0.12149370461702347,0,0,0.0002744642551988363
2019-06-24,q1,0,0,0.12096500396728516,0,0,0
2019-06-25,q1,0.02975955419242382,0,0.12054041773080826,0,0,0
2019-06-26,q1,0.025342818349599838,0,0.12094882875680923,4.93745828862302e-05,0,0
2019-06-27,q1,0.025089217349886894,0,0.120619997382164,0,0,0.00014418001228477806
2019-06-28,q1,0,0,0.12128013372421265,0,0,3.357439345563762e-05
2019-06-29,q1,0,0,0.1211131289601326,0,0,0.00017192319501191378
2019-06-30,q1,0,0,0.12123211473226547,0,0,0
2019-07-01,q1,0,0,0.12076371908187866,0,0,0
2019-07-02,q1,0,0,0.12018841505050659,0.00012029098434140906,0,0
2019-07-03,q1,0,0,0.12160714715719223,0,0,0
2019-07-04,q1,0.029608972370624542,6.592709542019293e-05,0.124310202896595,3.5044318792643026e-05,0,0.00019395624985918403
2019-07-05,q1,0.029281744733452797,0,0.122761569917202,0,0,0.00016568609862588346
2019-07-06,q1,0,0,0.12065990269184113,0,0,0
2019-07-07,q1,0.02667113021016121,0,0.12040287256240845,0,0,0
2019-07-08,q1,0,0,0.12069743871688843,0,0,0
2019-07-09,q1,0.028424672782421112,0,0.1211479902267456,0,0,0.00028028481756336987
2019-07-10,q1,0.02910848706960678,0,0.12168661504983902,0,0,0.00010744008613983169
2019-07-11,q1,0.028843801468610764,0,0.12235702574253082,0,0,0.00026217070990242064
2019-07-12,q1,0.022373002022504807,0,0.11941388249397278,0,0,0
2019-07-13,q1,0.0244826078414917,0,0.11770790815353394,0,0,0.0001485468674218282
2019-07-14,q1,0.02502245455980301,0,0.11663500964641571,0.00040741782868281007,0,0.00021262893278617412
2019-07-15,q1,0.02967248298227787,0,0.11814320087432861,0.0002919093822129071,0,0.0002529142366256565
2019-07-16,q1,0,0,0.12138614058494568,0,0,0
2019-07-17,q1,0,0,0.11978031694889069,0,0,0
2019-07-18,q1,0,0,0.11939956247806549,0,0,0
2019-07-19,q1,0,0,0.11979179829359055,0.0003129376855213195,0,6.45298496237956e-05
2019-07-20,q1,0.02537037804722786,4.104539402760565e-05,0.11921031028032303,7.635546353412792e-06,0,7.132165774237365e-05
2019-07-21,q1,0.027230150997638702,0,0.12210029363632202,0.00011503255518618971,0,7.2624134190846235e-06
2019-07-22,q1,0.023047443479299545,0,0.122644804418087,0.00013829447561874986,0,0.00020845362450927496
2019-07-23,q1,0,0,0.12370849400758743,0,0,0.00037405782495625317
2019-07-24,q1,0.031802985817193985,6.0125534218968824e-05,0.1202961727976799,0.0002447496517561376,0,0.0003253076283726841
2019-07-25,q1,0.02675417810678482,0,0.11872817575931549,0,0,0
2019-07-26,q1,0.028331127017736435,0,0.1183338388800621,0,0,0.0001250136410817504
2019-07-27,q1,0.02853226661682129,4.622681808541529e-05,0.11896781623363495,0,0,0.0001444420195184648
2019-07-28,q1,0,0,0.12045256793498993,0,0,0
2019-07-29,q1,0.02635732851922512,0,0.11944892257452011,0,0,0.00011178077693330124
2019-07-30,q1,0.024513019248843193,0,0.1200994998216629,0,0,8.017483196454123e-05
2019-07-31,q1,0,0,0.11957765370607376,0,0,0
2019-08-01,q1,0,0,0.1184721365571022,9.102833428187296e-05,0,8.177667768904939e-05
2019-08-02,q1,0.026017362251877785,0,0.1187790185213089,0,0,0
2019-08-03,q1,0,0,0.12022712826728821,0,0,0
2019-08-04,q1,0,0,0.11875252425670624,0.0005025381105951965,0,2.4790415409370326e-05
2019-08-05,q1,0.026595819741487503,0,0.11824198067188263,0,0,0
2019-08-06,q1,0,0,0.11650028824806213,0,0,0
2019-08-07,q1,0,0,0.11952321231365204,0,0,0
2019-08-08,q1,0,0,0.12104848027229309,0,0,0
2019-08-09,q1,0.02840811014175415,0,0.12045682221651077,0,0,0
2019-08-10,q1,0,0,0.1194051131606102,0,0,0.00015804915165062994
2019-08-11,q1,0,0,0.12152260541915894,0,0,0
2019-08-12,q1,0.02890152856707573,0,0.1186884418129921,0,0,0
2019-08-13,q1,0.028350332751870155,0,0.1177014708518982,0,0,0
2019-08-14,q1,0.025431562215089798,0,0.12067386507987976,0,0,0.00020887197752017528
2019-08-15,q1,0.02815069444477558,0,0.1188301369547844,0,0,0.0001658119581406936
2019-08-16,q1,0,0,0.11937612295150757,0,0,0
2019-08-17,q1,0,0,0.11744709312915802,0,0,0
2019-08-18,q1,0.03532545268535614,0,0.11993180215358734,0,0,0.00028514370205812156
2019-08-19,q1,0.028943609446287155,0,0.11953809857368469,0,0,0.00037658383371308446
2019-08-20,q1,0,0,0.11926809698343277,0,0,0
2019-08-21,q1,0,0,0.11949583142995834,0,0,0
2019-08-22,q1,0,0,0.12049850821495056,0,0,0
2019-08-23,q1,0.025910498574376106,0,0.12068026512861252,0,0,0.0001802485203370452
2019-08-24,q1,0,0,0.11994306743144989,0,0,0
2019-08-25,q1,0,0,0.12198828160762787,0,0,0
2019-08-26,q1,0,0,0.12132937461137772,0.0002540936111472547,0,0.00017490520258434117
2019-08-27,q1,0,0,0.11853434890508652,9.20399179449305e-05,0,0.00010841860057553276
2019-08-28,q1,0.02939356490969658,0,0.118946373462677,6.749234307790175e-05,0,0.00020624222815968096
2019-08-29,q1,0,0,0.12015976011753082,0,0,0
2019-08-30,q1,0,0,0.12044943124055862,0,0,0
2019-08-31,q1,0.030009759590029716,0,0.11941782385110855,0,0,0.0001159294624812901
2019-09-01,q1,0.03033977933228016,0,0.11896558105945587,0,0,0
2019-09-02,q1,0.028088228777050972,0,0.12011443823575974,0,0,0
2019-09-03,q1,0,0,0.11944893002510071,0,0,0
2019-09-04,q1,0.032489366829395294,0,0.11640043556690216,0,0,0
2019-09-05,q1,0,0,0.1167934387922287,1.899955896078609e-05,0,0
2019-09-06,q1,0.028440624475479126,3.5097331419819966e-05,0.11797388643026352,0,0,9.355643851449713e-05
2019-09-07,q1,0,0,0.11575870215892792,0,0,0
2019-09-08,q1,0,0,0.1173890009522438,0,0,0
2019-09-09,q1,0.03116142563521862,0,0.11732132732868195,0,0,0.0003170634445268661
2019-09-10,q1,0,0,0.11869419366121292,0,0,0.00029796099988743663
2019-09-11,q1,0.032365407794713974,3.636378824012354e-05,0.11832135170698166,0,0,0.00014663873298559338
2019-09-12,q1,0,0,0.11612015217542648,0,0,0
2019-09-13,q1,0,0,0.11864203959703445,0,0,0
2019-09-14,q1,0.0338144525885582,0,0.11506636440753937,0,0,0
2019-09-15,q1,0,0,0.1158093810081482,0,0,0
2019-09-16,q1,0,0,0.11479677259922028,0,0,0
2019-09-17,q1,0.03338734805583954,0,0.11633226275444031,0.00033419119426980615,0,0
2019-09-18,q1,0,0,0.11678888648748398,0,0,0
2019-09-19,q1,0.05431832745671272,5.9856927691726014e-05,0.11501439660787582,9.875716204987839e-05,0,0.00027994049014523625
2019-09-20,q1,0.04661061614751816,0,0.11351089179515839,0,0,0
2019-09-21,q1,0,0,0.11409012973308563,0.0009097313741222024,0,0.00021559229935519397
2019-09-22,q1,0,0,0.11462229490280151,0,0,0
2019-09-23,q1,0,0,0.11630729585886002,0,0,0
2019-09-24,q1,0.04871390387415886,8.584198803873733e-05,0.11803439259529114,0,0,0
2019-09-25,q1,0.04056626930832863,8.019529923330992e-05,0.11643260717391968,0,0,0.00024302891688421369
2019-09-26,q1,0,0,0.11611977964639664,0,0,0.00020558576215989888
2019-09-27,q1,0.03961843252182007,0,0.11733202636241913,0,0,0.0002861747343558818
2019-09-28,q1,0,0,0.11537405103445053,0,0,0.00010604016279103234
2019-09-29,q1,0.03925466537475586,0,0.11499422788619995,0,0,0.0002684211649466306
2019-09-30,q1,0,0,0.11858333647251129,0,0,0
2019-10-01,q1,0.034726113080978394,0,0.11469177901744843,0,0,0
2019-10-02,q1,0,6.265488627832383e-05,0.11537909507751465,4.747501589008607e-05,0,0.00029744638595730066
2019-10-03,q1,0,0,0.11053938418626785,0,0,0
2019-10-04,q1,0.03817109763622284,0,0.11627643555402756,0,0,5.607691491604783e-06
2019-10-05,q1,0.04444504529237747,0.000105245977465529,0.1149456650018692,0,0,0.0002986718900501728
2019-10-06,q1,0.03751084581017494,0,0.11864316463470459,0,0,0.00027323910035192966
2019-10-07,q1,0,0,0.11735135316848755,0,0,3.3689855627017096e-05
2019-10-08,q1,0,0,0.11603911966085434,0,0,0.0002222798066213727
2019-10-09,q1,0,0,0.11711114645004272,0,0,0
2019-10-10,q1,0.03163650631904602,0,0.11429602652788162,0,0,0.00029038338107056916
2019-10-11,q1,0.033671785145998,0,0.11804775893688202,0.00013437379675451666,0,0.00027653155848383904
2019-10-12,q1,0,0,0.11477036029100418,0,0,0
2019-10-13,q1,0,0,0.11883789300918579,0,0,0
2019-10-14,q1,0.035830456763505936,6.136568845249712e-05,0.11973173916339874,0,0,0.00024258633493445814
2019-10-15,q1,0.02832065522670746,6.417674740077928e-05,0.11833983659744263,0,0,0.00013177293294575065
2019-10-16,q1,0.0382549874484539,7.961599476402625e-05,0.12050075829029083,0.0001420062326360494,0,0.00016215568757615983
2019-10-17,q1,0,0,0.12139170616865158,0.00026452113525010645,0,0.00029337042360566556
2019-10-18,q1,0,0,0.11858764290809631,0,0,0
2019-10-19,q1,0.03635849058628082,0,0.1149904802441597,0,0,0.0001218370525748469
2019-10-20,q1,0.034880027174949646,4.6405115426750854e-05,0.11495468765497208,0,0,7.63725838623941e-05
2019-10-21,q1,0,0,0.11860083788633347,0,0,0
2019-10-22,q1,0.050898969173431396,0,0.12081323564052582,0,0,0.00041775067802518606
2019-10-23,q1,0.038204122334718704,0,0.11977074295282364,0.0001156358775915578,0,0.0003393373917788267
2019-10-24,q1,0.03959579020738602,0,0.1187804639339447,0,0,0.0001969993463717401
2019-10-25,q1,0.040283605456352234,0,0.11880093812942505,9.74652502918616e-05,0,0.0002627980138640851
2019-10-26,q1,0.03532509133219719,4.934110620524734e-05,0.12042439728975296,0,0,0.0003098490124102682
2019-10-27,q1,0,0,0.1172209158539772,0,0,0.0002682088816072792
2019-10-28,q1,0,0,0.11701119691133499,0.0001029026389005594,0,0.0004271366342436522
2019-10-29,q1,0.035879503935575485,8.154396346071735e-05,0.11968762427568436,0.00019257164967712015,0,0.0002162995660910383
2019-10-30,q1,0.04640919342637062,0,0.11790948361158371,0,0,0.00027661534841172397
2019-10-31,q1,0,0,0.117284394800663,0,0,0
2019-11-01,q1,0.03499757871031761,3.0099365176283754e-05,0.11827214062213898,0.0006896783015690744,0,0.00035770615795627236
2019-11-02,q1,0,0,0,0,0,0
2019-11-03,q1,0,0,0.11476591974496841,0,0,0
2019-11-04,q1,0.033594440668821335,0,0.11367803066968918,0,0,0.00018564992933534086
2019-11-05,q1,0,0,0.11751740425825119,0,0,0
2019-11-06,q1,0.04699292406439781,0,0.11588005721569061,0,0,0.0004544206603895873
2019-11-07,q1,0,0,0.11721394956111908,0,0,0
2019-11-08,q1,0,0,0.11606860160827637,0.000550137076061219,0,0.000646731466986239
2019-11-09,q1,0,0,0.11464565247297287,0,0,0
2019-11-10,q1,0,0,0.11644386500120163,0,0,0
2019-11-11,q1,0,0,0.1164298877120018,0,0,0
2019-11-12,q1,0.05632125586271286,0,0.11642861366271973,4.127194551983848e-05,0,0.00033900258131325245
2019-11-13,q1,0.043180081993341446,0,0.11324405670166016,0.00019313753000460565,0,5.866535866516642e-05
2019-11-14,q1,0,0,0.1104813665151596,0,0,0
2019-11-15,q1,0.039409488439559937,8.749105472816154e-05,0.11267869174480438,0,0,0.00028083293000236154
2019-11-16,q1,0.04227264225482941,0,0.11204186081886292,0,0,0
2019-11-17,q1,0.04381321743130684,0,0.1137271374464035,0,0,0
2019-11-18,q1,0,0,0.11252713948488235,0,0,0
2019-11-19,q1,0.0359252505004406,0,0.11288400739431381,0.00031446112552657723,0,0.0002444774436298758
2019-11-20,q1,0.048208799213171005,8.996611722977832e-05,0.11377337574958801,0,0,0.00031158988713286817
2019-11-21,q1,0.04946800321340561,9.638410847401246e-05,0.11245065927505493,7.35698122298345e-05,0,0.0005297453026287258
2019-11-22,q1,0.04860779643058777,0,0.11576822400093079,0,0,0.0005625838530249894
2019-11-23,q1,0.03944001346826553,0,0.11154502630233765,0,0,0
2019-11-24,q1,0.035334356129169464,0,0.10963167250156403,0.00021213755826465786,0,4.783388794749044e-05
2019-11-25,q1,0.042280104011297226,0,0.11125510185956955,0,0,0.00036852582707069814
2019-11-26,q1,0.0326058566570282,5.9274570958223194e-05,0.11320995539426804,3.0199023967725225e-05,0,0.00030067184707149863
2019-11-27,q1,0,0,0.11268731951713562,0,0,0.00035931298043578863
2019-11-28,q1,0.03504209965467453,0,0.11116421222686768,2.4968841898953542e-05,0,0.0003833477385342121
2019-11-29,q1,0.03089023195207119,0,0.10709662735462189,0.00047878423356451094,0,0.0001860527991084382
2019-11-30,q1,0.031378377228975296,0,0.11080651730298996,0,0,0.00011986985191470012
2019-12-01,q1,0.040161121636629105,0,0.10921081900596619,0,0,0.0003935216227546334
2019-12-02,q1,0.036266159266233444,0,0.10859691351652145,0,0,0
2019-12-03,q1,0,0,0.11331456899642944,0,0,0.0003954138373956084
2019-12-04,q1,0,0,0.11285500228404999,0,0,0.0006728352745994925
2019-12-05,q1,0.03648931905627251,0,0.11058080196380615,0,0,0
2019-12-06,q1,0.04304240643978119,0,0.11105000227689743,0,0,0.0001268493797397241
2019-12-07,q1,0.04823591187596321,0,0.1112583726644516,0,0,0.00027036049868911505
2019-12-08,q1,0.04964281618595123,6.50274523650296e-05,0.11193622648715973,0.0003223466919735074,0,0.00033797224750742316
2019-12-09,q1,0.06510652601718903,0.00012202943617012352,0.10998834669589996,0,0,0.0003215827455278486
2019-12-10,q1,0.04958269000053406,0,0.11068262904882431,0.0006025214097462595,0,0.00025824547628872097
2019-12-11,q1,0.05218005180358887,0,0.10986541211605072,0,0,0.0003375960513949394
2019-12-12,q1,0.05270320549607277,0,0.10807352513074875,0.00030955986585468054,0,0.0003546285443007946
2019-12-13,q1,0.037914007902145386,0,0.10804428905248642,0,0,8.793601591605693e-05
2019-12-14,q1,0,0.00018000786076299846,0.11010634899139404,0,0,0.0005358619964681566
2019-12-15,q1,0,9.680957737145945e-05,0.11027362942695618,0,0,0.00039785742410458624
2019-12-16,q1,0.029780331999063492,0,0.10821065306663513,0,0,9.180869528790936e-05
2019-12-17,q1,0.03459674119949341,0,0.10689274221658707,0,0,0.0001910649152705446
2019-12-18,q1,0,0,0.10763544589281082,0,0,0.00039532899972982705
2019-12-19,q1,0.041477084159851074,0,0.1101209968328476,0,0,0
2019-12-20,q1,0.04166920855641365,0,0.1111825481057167,0,0,0.00027111382223665714
2019-12-21,q1,0.03904372453689575,0,0.11186396330595016,0.00013361385208554566,0,0.0002592379751149565
2019-12-22,q1,0.0417318157851696,0,0.11092124879360199,0,0,0.0002797128981910646
2019-12-23,q1,0.04927032068371773,0.00012954014528077096,0.11119180917739868,0,0,0.0002983889717143029
2019-12-24,q1,0.04691516235470772,9.451418736716732e-05,0.11001111567020416,0.0004905153764411807,0,0.00033124032779596746
2019-12-25,q1,0.04780994728207588,0,0.10841144621372223,0.0005923864082433283,0,0
2019-12-26,q1,0,0,0.11843523383140564,0,0,0
2019-12-27,q1,0.049079056829214096,0,0.10811074078083038,0,0,0.00024589389795437455
2019-12-28,q1,0.04394598677754402,0,0.10720836371183395,8.108187466859818e-05,0,0.0003043638716917485
2019-12-29,q1,0.07494725286960602,0.0001367917429888621,0.111009381711483,2.2801696104579605e-06,0,0.0006170126143842936
2019-12-30,q1,0.045428335666656494,0,0.10900942981243134,0,0,0.0001861813507275656
2019-12-31,q1,0.04049981012940407,7.563931285403669e-05,0.11127296090126038,0.0003691977181006223,0,0.0002920608385466039
2020-01-01,q1,0.03564276173710823,4.924903987557627e-05,0.10767988115549088,0,0,0.0003001971053890884
2020-01-02,q1,0.04030302166938782,0,0.10939005017280579,0,0,0
2020-01-03,q1,0.041988980025053024,0.00012049212818965316,0.10837391763925552,0.0001316455309279263,0,0.00015411472122650594
2020-01-04,q1,0,0.0001519125944469124,0.10904762893915176,0.0001132675024564378,0,0.0003302811528556049
2020-01-05,q1,0,8.574498497182503e-05,0.10933348536491394,0,0,0.0002729675034061074
2020-01-06,q1,0.038750890642404556,0,0.10757261514663696,0,0,0
2020-01-07,q1,0.039089135825634,0,0.10712277144193649,0,0,0.0003822096041403711
2020-01-08,q1,0.03864576667547226,0.00010198802192462608,0.10566266626119614,0,0,0.0003506557550281286
2020-01-09,q1,0.05651991441845894,0.00012402325228322297,0.10703222453594208,0,0,8.922842243919149e-05
2020-01-10,q1,0.042571425437927246,0,0.1070176512002945,0,0,0.00031507687526755035
2020-01-11,q1,0,0,0.10678395628929138,0.0005526518798433244,0,0.0007094839820638299
2020-01-12,q1,0,0,0.10704036056995392,0,0,0
2020-01-13,q1,0.05097528174519539,9.449746721656993e-05,0.11114933341741562,0.00024586491053923965,0,0.000303766195429489
2020-01-14,q1,0.06113184243440628,0.00012544715718831867,0.11137032508850098,0,0,0.000387410051189363
2020-01-15,q1,0,9.392677020514384e-05,0.11181610077619553,0.0007052011787891388,0,0.0005185054033063352
2020-01-16,q1,0.05429487302899361,0,0.10958092659711838,0.00024817176745273173,0,0.00037263098056428134
2020-01-17,q1,0.04956516996026039,0,0.10889551043510437,0,0,0.0005671467515639961
2020-01-18,q1,0.05697127431631088,0,0.10717474669218063,0,0,0
2020-01-19,q1,0.05718879774212837,0.0001632111961953342,0.11008642613887787,0,0,0.0004966160631738603
2020-01-20,q1,0.047630492597818375,0.00010760584700619802,0.10963123291730881,0,0,0.0004532919265329838
2020-01-21,q1,0,6.897271669004112e-05,0.1092912033200264,0.0002588352654129267,0,0.00045147535274736583
2020-01-22,q1,0.04442306235432625,0,0.11030395328998566,0,0,0
2020-01-23,q1,0.04478701576590538,0,0.11377674341201782,0,0,0.00020129485346842557
2020-01-24,q1,0,5.763313311035745e-05,0.11148492991924286,2.259755319755641e-06,0,6.657285848632455e-05
2020-01-25,q1,0.035314612090587616,3.073740299441852e-05,0.11097604781389236,0.00020383254741318524,0,0.0002868996234610677
2020-01-26,q1,0.037380628287792206,4.35005385952536e-05,0.11195103824138641,0,0,8.567439363105223e-05
2020-01-27,q1,0.03932061046361923,2.3893253455753438e-05,0.11117135733366013,0,0,0.00010115226177731529
2020-01-28,q1,0.040165651589632034,3.772864874918014e-05,0.11155353486537933,0,0,9.230299474438652e-05
2020-01-29,q1,0.04660267382860184,3.906457277480513e-05,0.11254820972681046,0,0,0.0002644624619279057
2020-01-30,q1,0.055652327835559845,0,0.11196522414684296,0,0,0.00017369295528624207
2020-01-31,q1,0.0609319806098938,0,0.11134879291057587,0,0,0.0003344181750435382
2020-02-01,q1,0.053091756999492645,0,0.10940687358379364,4.796760913450271e-05,0,0
2020-02-02,q1,0.048118896782398224,0,0.11089690774679184,0.00032084170379675925,0,0.00022036611335352063
2020-02-03,q1,0.04855359345674515,7.020070916041732e-05,0.11037128418684006,0,0,0.00023238961875904351
2020-02-04,q1,0.05433421954512596,0.00012358474486973137,0.1105283796787262,0,0,0.00026662045274861157
2020-02-05,q1,0.04362456873059273,0,0.1109883114695549,0.0006544960779137909,0,0.0002616025449242443
2020-02-06,q1,0,0,0.11011718213558197,0,0,0.00048009405145421624
2020-02-07,q1,0,0.00011073316272813827,0.10912839323282242,0.0013173489132896066,0,0.0003285411512479186
2020-02-08,q1,0.03994056582450867,0,0.10859659314155579,0,0,0
2020-02-09,q1,0,0,0.10526874661445618,0,0,0
2020-02-10,q1,0.044177889823913574,0,0.11013351380825043,0,0,0.00021375241340138018
2020-02-11,q1,0.038764774799346924,0,0.1088094636797905,0,0,0
2020-02-12,q1,0.04276115819811821,4.884776717517525e-05,0.11001425236463547,0,0,0.00022852947586216033
2020-02-13,q1,0.03999768942594528,4.975566844223067e-05,0.11265922337770462,0.0002397815987933427,0,0.00027897770632989705
2020-02-14,q1,0.040679216384887695,0,0.1141146719455719,0,0,0
2020-02-15,q1,0.03807142749428749,4.968804933014326e-05,0.11312858015298843,0,0,0.00030225791851989925
2020-02-16,q1,0.044681888073682785,8.978377445600927e-05,0.11383878439664841,0,0,0.0004742128949146718
2020-02-17,q1,0.04790432006120682,0,0.11470527201890945,0,0,0.0005124760209582746
2020-02-18,q1,0.057286106050014496,7.258181722136214e-05,0.1133023127913475,0,0,0.0004372528928797692
2020-02-19,q1,0.04980675131082535,0.00010153691982850432,0.11355661600828171,0,0,0.000474933855002746
2020-02-20,q1,0.058905135840177536,9.986345685319975e-05,0.11353284865617752,0,0,0.0005262329359538853
2020-02-21,q1,0.04125336557626724,0,0.11314742267131805,0.0003397142281755805,0,0.000322696432704106
2020-02-22,q1,0.042835552245378494,5.5422406148863956e-05,0.11549542844295502,0,0,0.00022657134104520082
2020-02-23,q1,0,3.8506263081217185e-05,0.11384172737598419,0,0,0.0004962017410434783
2020-02-24,q1,0.0546911358833313,8.304022048832849e-05,0.1148858591914177,0,0,0.00057299027685076
2020-02-25,q1,0,0,0.11463851481676102,0.00013237963139545172,0,0
2020-02-26,q1,0.04729754850268364,0,0.11504074186086655,0,0,0.0006633682642132044
2020-02-27,q1,0.04009063169360161,0,0.1147516667842865,0.00017802469665184617,0,0.00035670967190526426
2020-02-28,q1,0.050448618829250336,0.00010569757432676852,0,0,0,0
2020-02-29,q1,0,0,0.11464338004589081,0,0,0
2020-03-01,q1,0.049276601523160934,0,0.11491132527589798,0.0006211427389644086,0,0
2020-03-02,q1,0.03972078859806061,0,0.11268597841262817,0.00038306781789287925,0,0.0005701312329620123
2020-03-03,q1,0,8.51569784572348e-05,0.11585784703493118,0,0,0.00020308999228291214
2020-03-04,q1,0.038236647844314575,0,0.11223708838224411,0,0,0
2020-03-05,q1,0.04430096969008446,0,0.11306113004684448,0,0,0.00029151339549571276
2020-03-06,q1,0,0,0.11383727192878723,0,0,0
2020-03-07,q1,0.052727460861206055,0,0.11411119997501373,0,0,0.0004332006792537868
2020-03-08,q1,0.06047366186976433,6.8560621002689e-05,0.11407934874296188,0,0,0.0005728270043618977
2020-03-09,q1,0.04464716091752052,0,0.11225666850805283,0,0,0.0003054690605495125
2020-03-10,q1,0.04713239520788193,0,0.11353002488613129,0,0,0.00032508402364328504
2020-03-11,q1,0.045315418392419815,0,0.11294758319854736,0,0,0
2020-03-12,q1,0.03766448050737381,8.484881254844368e-05,0.11236017197370529,0.00016138170030899346,0,0.00020120690169278532
2020-03-13,q1,0.036005910485982895,5.8681467635324225e-05,0.11480680853128433,0.0006081013125367463,0,0.00039912995998747647
2020-03-14,q1,0.033950433135032654,0,0.11572012305259705,0,0,5.23925045854412e-05
2020-03-15,q1,0.04009713977575302,0,0.11648090183734894,0,0,0
2020-03-16,q1,0.052291542291641235,6.98327348800376e-05,0.11855591088533401,0,0,0.00035045796539634466
2020-03-17,q1,0.05841510742902756,6.737870717188343e-05,0.1196771115064621,0.00018799766257870942,0,0.0004036029858980328
2020-03-18,q1,0.052469559013843536,8.510123006999493e-05,0.11745110899209976,0,0,0.0003732005716301501
2020-03-19,q1,0.04425638169050217,0,0.11664026230573654,0,0,0.0003171268617734313
2020-03-20,q1,0.04250790923833847,7.573146285722032e-05,0.12106456607580185,0,0,0.0003141464840155095
2020-03-21,q1,0.042383331805467606,5.994957246002741e-05,0.11715671420097351,0,0,0.00020018831128254533
2020-03-22,q1,0.040546588599681854,0,0.11722421646118164,0,0,0.00016440267791040242
2020-03-23,q1,0.04545406252145767,6.268171273404732e-05,0.11830247193574905,0,0,0.00024532241513952613
2020-03-24,q1,0.04539882019162178,4.748924766317941e-05,0.1175924614071846,0,0,0.00015902913582976907
2020-03-25,q1,0.04646241292357445,0,0.11615806818008423,0,0,0
2020-03-26,q1,0.04265571013092995,0,0.1170269250869751,0,0,0.0002655661664903164
2020-03-27,q1,0.045518890023231506,0,0.1191105842590332,0.00014327267126645893,0,0.00039523254963569343
2020-03-28,q1,0.05347385257482529,0,0.12437918782234192,0,0,0.00018522208847571164
2020-03-29,q1,0.046982187777757645,5.667221557814628e-05,0.11985613405704498,0,0,0.0003953714913222939
2020-03-30,q1,0.0457625538110733,0,0,0,0,0
2020-03-31,q1,0.047279320657253265,0,0.11641686409711838,0.0007652558851987123,0,0
2020-04-01,q1,0.04636111855506897,3.339895192766562e-05,0.1146085187792778,0.0003160127380397171,0,0.00022267903841566294
2020-04-02,q1,0.03652523458003998,0,0.1145385131239891,2.7262423827778548e-05,0,0.00010992959869327024
2020-04-03,q1,0.0385269932448864,0,0,0,0,0
2020-04-04,q1,0,0,0,0,0,0
2020-04-05,q1,0.035581015050411224,5.3715240937890485e-05,0.11899308860301971,0,0,0.0003118422464467585
2020-04-06,q1,0.038231011480093,3.195103636244312e-05,0.12027251720428467,0,0,0.0002445387071929872
2020-04-07,q1,0.04221300035715103,0,0.12125232070684433,0,0,0
2020-04-08,q1,0.057452794164419174,0,0.12055384367704391,0,0,0
2020-04-09,q1,0.0635250061750412,0,0.120177261531353,0,0,0
2020-04-10,q1,0,0,0.1192127913236618,0,0,0.0005454632337205112
2020-04-11,q1,0.05168421193957329,0,0.11918005347251892,0,0,7.238419493660331e-05
2020-04-12,q1,0.05508336424827576,0,0.12052253633737564,0,0,0
2020-04-13,q1,0,0,0.12161503732204437,0,0,0
2020-04-14,q1,0,0,0.12201985716819763,0,0,0
2020-04-15,q1,0.04921005666255951,0,0.1218368336558342,0,0,0
2020-04-16,q1,0.049443356692790985,0,0.11939596384763718,0,0,0.00010379122977610677
2020-04-17,q1,0.04262701794505119,5.401951784733683e-05,0.11920767277479172,0,0,0
2020-04-18,q1,0.03876914083957672,0,0.11676697432994843,8.926805458031595e-05,0,0.00014329090481624007
2020-04-19,q1,0.037190210074186325,0,0.11687757819890976,0,0,0.00042696206946857274
2020-04-20,q1,0.03853166103363037,0,0.1165999248623848,0,0,0.00022555942996405065
2020-04-21,q1,0.03400067239999771,7.048749830573797e-05,0.11793477088212967,0.00010175129136769101,0,0.00037997899926267564
2020-04-22,q1,0,0,0.11725975573062897,0,0,0
2020-04-23,q1,0.03569265455007553,7.019536860752851e-05,0.12025352567434311,0,0,0.00018520814774092287
2020-04-24,q1,0,0,0.12182442843914032,0,0,0
2020-04-25,q1,0.04438149929046631,6.76688869134523e-05,0.12114893645048141,0,0,0.00013876076263841242
2020-04-26,q1,0.04322727024555206,0,0.1178022176027298,6.361379200825468e-05,0,0.000307032692944631
2020-04-27,q1,0,0,0.11555448919534683,0.0002638172882143408,0,0
2020-04-28,q1,0.04400643706321716,3.926311183022335e-05,0.11764837056398392,0,0,0.00022131206060294062
2020-04-29,q1,0.04571931064128876,8.992782386485487e-05,0.12045267224311829,0,0,0.000524105504155159
2020-04-30,q1,0.04328083246946335,0,0.11895763874053955,0.0001612824125913903,0,0.00010908077092608437
2020-05-01,q1,0.04023077338933945,6.53973693260923e-05,0.1227555051445961,0,0,0.0004027016693726182
2020-05-02,q1,0.039629656821489334,0,0.11917327344417572,0,0,0
2020-05-03,q1,0.04113057255744934,3.10174364130944e-05,0.12083809077739716,0,0,5.9925649111391976e-05
2020-05-04,q1,0,0,0.11911138892173767,0,0,0
2020-05-05,q1,0.04276410862803459,5.752650395152159e-05,0.11661917716264725,0,0,0.00040323808207176626
2020-05-06,q1,0.0381607785820961,3.7556692404905334e-05,0.11540891230106354,0,0,0.0003488782967906445
2020-05-07,q1,0.03336769714951515,0,0.11718970537185669,0,0,0.00021434403606690466
2020-05-08,q1,0.03236997872591019,0,0.11679200828075409,0.00027940503787249327,0,0.00011946410086238757
2020-05-09,q1,0.03700163587927818,0,0.11780217289924622,0.00040666735731065273,0,0.00015998394519556314
2020-05-10,q1,0.03707144781947136,5.732263525715098e-05,0.12033716589212418,0.0003311124164611101,0,0.00035578443203121424
2020-05-11,q1,0.032271020114421844,0,0.1215749979019165,2.8090758860344067e-05,0,0.0003629682760220021
2020-05-12,q1,0.04413795471191406,0.00010284284508088604,0.1226935163140297,1.0618128726491705e-05,0,0.0003584819787647575
2020-05-13,q1,0.04137221351265907,5.097212488180958e-05,0.12292569875717163,0,0,0.000226719886995852
2020-05-14,q1,0.04292789474129677,0,0.12319796532392502,0,0,0.0002679444442037493
2020-05-15,q1,0.04422761872410774,4.866343442699872e-05,0.12323498725891113,5.350364517653361e-05,0,0.00013161143579054624
2020-05-16,q1,0.04787428304553032,0,0.1222485676407814,0,0,0.0003228353161830455
2020-05-17,q1,0,0,0.12270428985357285,0,0,0.0003687402349896729
2020-05-18,q1,0,0,0.12305795401334763,0.0007789969677105546,0,0.00016306580801028758
2020-05-19,q1,0.040526099503040314,0,0.12061680853366852,0,0,0.0002093795919790864
2020-05-20,q1,0,0,0.12190450727939606,0,0,0
2020-05-21,q1,0.03716040030121803,8.214845001930371e-05,0.12094689160585403,0,0,6.730052700731903e-05
2020-05-22,q1,0.0363369882106781,0,0.12028094381093979,0,0,0
2020-05-23,q1,0,0,0.11814829707145691,0,0,0
2020-05-24,q1,0,0,0.11635515093803406,0,0,0.00026660572621040046
2020-05-25,q1,0.038346875458955765,7.520073268096894e-05,0.11635155975818634,4.26688275183551e-05,0,0.000147614860907197
2020-05-26,q1,0.03585115447640419,0.00011325143714202568,0.11653834581375122,0,0,0.0001475359167670831
2020-05-27,q1,0,0,0.1181909590959549,0,0,0
2020-05-28,q1,0,0,0.12093368917703629,0,0,0.0004238452238496393
2020-05-29,q1,0,0,0.11516526341438293,0,0,0
2020-05-30,q1,0,0,0.11888396739959717,0,0,0
2020-05-31,q1,0,0,0.12016475200653076,0,0,0
2020-06-01,q1,0.03210590407252312,0,0.11969634145498276,0,0,0
2020-06-02,q1,0.03589934855699539,0,0.11955003440380096,0,0,0
2020-06-03,q1,0.03035152330994606,6.945581844775006e-05,0.12257950752973557,7.054291927488521e-05,0,0.0002741742937359959
2020-06-04,q1,0,0,0.12042196840047836,0,0,0
2020-06-05,q1,0.03184616193175316,0,0.11847071349620819,0,0,0
2020-06-06,q1,0,0,0.12410406768321991,6.206221769389231e-06,0,0.00024344128905795515
2020-06-07,q1,0.033678941428661346,5.7058161473833025e-05,0.12312512844800949,0,0,0.00022556762269232422
2020-06-08,q1,0.027879955247044563,0,0.12330202013254166,0.0001137949584517628,0,0.00036161617026664317
2020-06-09,q1,0,0,0.11996603012084961,0,0,0.00019535822502803057
2020-06-10,q1,0,0,0.12061933428049088,0,0,0
2020-06-11,q1,0,0,0.12198318541049957,0,0,0
2020-06-12,q1,0.02865542471408844,0,0.12200228869915009,0,0,0.00014512838970404118
2020-06-13,q1,0.030810104683041573,0,0.1251099556684494,0,0,0.00033282849472016096
2020-06-14,q1,0,0,0.12164141982793808,0,0,0
2020-06-15,q1,0,0,0.12307792901992798,0,0,0
2020-06-16,q1,0.037673499435186386,0,0.12065393477678299,0.00018755441124085337,0,0.00021470697538461536
2020-06-17,q1,0,0,0.12132161855697632,0,0,0
2020-06-18,q1,0.031478993594646454,0,0.1195717379450798,0.00016356667038053274,0,0.0001634348154766485
2020-06-19,q1,0,0,0.12082065641880035,0,0,0
2020-06-20,q1,0.03569689765572548,0,0.1228736862540245,0,0,0.00014832732267677784
2020-06-21,q1,0,0,0.12157177180051804,0,0,0
2020-06-22,q1,0.024414652958512306,0,0.12111911922693253,0,0,0.00013139065413270146
2020-06-23,q1,0.03317604959011078,0.00011732316488632932,0.12171397358179092,0,0,0.00015020198770798743
2020-06-24,q1,0.03619057312607765,0,0.12271223962306976,0,0,0.0002755827736109495
2020-06-25,q1,0,0,0.12191098928451538,0,0,0
2020-06-26,q1,0.028767267242074013,0,0.12046140432357788,0,0,0
2020-06-27,q1,0.02903442271053791,8.139366400428116e-05,0.12068135291337967,0.00021938071586191654,0,0
2020-06-28,q1,0,0,0.12048709392547607,0.0006814334774389863,0,0.00018307636491954327
2020-06-29,q1,0,0,0.121339812874794,0,0,0
2020-06-30,q1,0,0,0.12034881114959717,0,0,0
2020-07-01,q1,0.028220046311616898,0,0.1199592873454094,0,0,9.36134165385738e-05
2020-07-02,q1,0.028990689665079117,0,0.1206260547041893,0,0,0
2020-07-03,q1,0,0,0.1221279725432396,0,0,0
2020-07-04,q1,0,0,0.1217501237988472,0,0,0.00013515650061890483
2020-07-05,q1,0.02619249001145363,0,0.12208675593137741,0,0,0
2020-07-06,q1,0,0,0.12085897475481033,0,0,0.00040658118086867034
2020-07-07,q1,0.023719511926174164,3.1862127798376605e-05,0.12347102910280228,1.705898466752842e-05,0,0.0001027437174343504
2020-07-08,q1,0,0,0.12329964339733124,0,0,0
2020-07-09,q1,0.03334909677505493,0,0.12072514742612839,0,0,0
2020-07-10,q1,0.025628341361880302,4.249619451002218e-05,0.12409257143735886,0,0,0.0001158483064500615
2020-07-11,q1,0,0,0.11883411556482315,0,0,0.00035789975663647056
2020-07-12,q1,0.027670476585626602,3.9057635149220005e-05,0.1190839633345604,0,0,0.00019919144688174129
2020-07-13,q1,0.023950504139065742,0,0.12011375278234482,0,0,0
2020-07-14,q1,0.026860035955905914,5.409089135355316e-05,0.12229373306035995,0,0,0.00020252112881280482
2020-07-15,q1,0,0,0.12154713273048401,0,0,0
2020-07-16,q1,0.02322228066623211,4.582271139952354e-05,0.12156146764755249,0.0002540684654377401,0,0.00015209466801024973
2020-07-17,q1,0.025501448661088943,3.521805047057569e-05,0.12368274480104446,0,0,0.00012940600572619587
2020-07-18,q1,0,0,0.12336968630552292,0,0,0
2020-07-19,q1,0.03294195234775543,0,0.11904570460319519,0,0,0
2020-07-20,q1,0.02912246063351631,0,0.12392039597034454,0,0,0
2020-07-21,q1,0,0,0.12376254051923752,0,0,0
2020-07-22,q1,0.026275157928466797,0,0.12171606719493866,0,0,0.00015888575580902398
2020-07-23,q1,0,0,0.12255016714334488,0,0,0
2020-07-24,q1,0.028041508048772812,0,0.12086838483810425,0,0,0
2020-07-25,q1,0.03132316842675209,5.471631811815314e-05,0.12037140876054764,0,0,0.00015585491200909019
2020-07-26,q1,0.02310779131948948,3.4078009775839746e-05,0.12448608130216599,0,0,0.0001608273887541145
2020-07-27,q1,0.028392460197210312,0,0.12486464530229568,0,0,0
2020-07-28,q1,0,0,0.12061893194913864,0,0,0
2020-07-29,q1,0.023562321439385414,0,0.1205277219414711,0,0,0.00019580734078772366
2020-07-30,q1,0.02455359697341919,0,0.12125103920698166,0,0,7.558366633020341e-05
2020-07-31,q1,0.02432497963309288,0,0.12043455243110657,0,0,0
2020-08-01,q1,0,0,0.11979520320892334,0,0,0
2020-08-02,q1,0,0,0.12094941735267639,0,0,0
2020-08-03,q1,0,0,0.12083270400762558,0,0,0
2020-08-04,q1,0,0,0.11872649192810059,0,0,0
2020-08-05,q1,0.024058617651462555,0,0.11989982426166534,0,0,0
2020-08-06,q1,0,0,0.12371593713760376,0,0,0
2020-08-07,q1,0,0,0.12146391719579697,0,0,0
2020-08-08,q1,0,0,0.12037275731563568,0,0,0
2020-08-09,q1,0,0,0.11945831030607224,0,0,0
2020-08-10,q1,0,0,0.12002583593130112,0,0,0
2020-08-11,q1,0.02525448426604271,0,0.12136771529912949,6.174552254378796e-05,0,0.00025057815946638584
2020-08-12,q1,0,0,0.12132994085550308,0,0,0
2020-08-13,q1,0,0,0.12177085131406784,0,0,0
2020-08-14,q1,0.028077181428670883,0,0.12207432836294174,0,0,0
2020-08-15,q1,0,0,0.12275268137454987,0,0,0
2020-08-16,q1,0.027713216841220856,0,0.12259087711572647,0.00041531361057423055,0,0.00010733738599810749
2020-08-17,q1,0,0,0.12069103866815567,0.0005986129399389029,0,0.00029420407372526824
2020-08-18,q1,0.025729777291417122,0,0.11968663334846497,0,0,0.0001856683666119352
2020-08-19,q1,0,0,0.12013528496026993,0,0,0
2020-08-20,q1,0,0,0.12243204563856125,0.00040059228194877505,0,0.0002174749388359487
2020-08-21,q1,0.030471986159682274,0,0.12058251351118088,0,0,0
2020-08-22,q1,0,3.7973255530232564e-05,0.12303035706281662,0.00033458464895375073,0,0
2020-08-23,q1,0.0275720302015543,0,0.11831468343734741,0,0,0
2020-08-24,q1,0.02853269875049591,0,0.12035124748945236,0.00010670243500499055,0,0.00012464486644603312
2020-08-25,q1,0.023998750373721123,0,0.11901691555976868,0.0002432099572615698,0,0.00018758056103251874
2020-08-26,q1,0.024932559579610825,0,0.11778684705495834,0,0,0
2020-08-27,q1,0.02569665014743805,0,0.12001560628414154,0.0003966915828641504,0,4.306764458306134e-05
2020-08-28,q1,0.024107562378048897,2.618853068270255e-05,0.12057649344205856,0,0,0.00023925438290461898
2020-08-29,q1,0.029218390583992004,0,0.11907076090574265,0,0,0.00017552867939230055
2020-08-30,q1,0.02845381759107113,0,0.11756240576505661,0,0,0
2020-08-31,q1,0,0,0.11805716902017593,0,0,0
2020-09-01,q1,0,0,0.12173005938529968,0,0,0
2020-09-02,q1,0.030594846233725548,0,0.11928045749664307,0.0003445457841735333,0,0.0001023589211399667
2020-09-03,q1,0.02563020959496498,0,0.11675359308719635,0,0,0.0001490377908339724
2020-09-04,q1,0.026621857658028603,4.5480646804207936e-05,0.11680762469768524,0,0,0
2020-09-05,q1,0.025516148656606674,0,0.11616155505180359,0,0,0
2020-09-06,q1,0.025537772104144096,0,0.11463896930217743,0,0,0.00023421990044880658
2020-09-07,q1,0,0,0.1207113191485405,0.00038038031198084354,0,0.0005525741726160049
2020-09-08,q1,0,0,0.1204831674695015,0.0002174100372940302,0,0.0002029255556408316
2020-09-09,q1,0,0,0.12133371084928513,0,0,0
2020-09-10,q1,0.02653229609131813,7.40681862225756e-05,0.12228485941886902,0,0,0.0002704652724787593
2020-09-11,q1,0.031228216364979744,0,0.12266130745410919,0,0,0
2020-09-12,q1,0.03481128066778183,0,0.1221783459186554,0,0,0.00034437267458997667
2020-09-13,q1,0,0,0.12375286221504211,0,0,0
2020-09-14,q1,0.033124640583992004,0,0.12064015120267868,0,0,0
2020-09-15,q1,0.023664278909564018,0,0.1170317754149437,0,0,0
2020-09-16,q1,0.026502644643187523,4.1173585486831143e-05,0.12020076811313629,0,0,7.645221921848133e-05
2020-09-17,q1,0,0,0.1195366382598877,0,0,0.0003007074410561472
2020-09-18,q1,0,0,0.11740174889564514,0,0,0
2020-09-19,q1,0,0,0.12060105055570602,0,0,0
2020-09-20,q1,0.028567573055624962,0,0.12026071548461914,0,0,0
2020-09-21,q1,0.01943160593509674,0,0.11813081800937653,0,0,0
2020-09-22,q1,0.028591716662049294,0,0.11781901866197586,0,0,0
2020-09-23,q1,0,0,0.12000633776187897,0,0,0
2020-09-24,q1,0,0,0.11784493923187256,0,0,0
2020-09-25,q1,0.029584208503365517,9.067959763342515e-05,0.12021925300359726,0,0,0.00031260799732990563
2020-09-26,q1,0,0,0.12309294939041138,0,0,0
2020-09-27,q1,0,0,0.12233352661132812,0,0,0
2020-09-28,q1,0.025863897055387497,0,0.11943677067756653,0,0,0
2020-09-29,q1,0,0,0.11983543634414673,0,0,0.00027925425092689693
2020-09-30,q1,0.026583300903439522,0,0.11735811084508896,0,0,0
2020-10-01,q1,0.02966812066733837,0,0.12011141330003738,0,0,0.0002176109846914187
2020-10-02,q1,0,0,0.1196952611207962,0,0,0
2020-10-03,q1,0.026899514719843864,0,0.11814707517623901,0,0,0
2020-10-04,q1,0,0,0.11719868332147598,0.0013101826189085841,0,0.00013373931869864464
2020-10-05,q1,0,0,0.1201760545372963,0,0,0
2020-10-06,q1,0,0,0.12093660235404968,0,0,0
2020-10-07,q1,0,0,0.11873552203178406,0,0,0
2020-10-08,q1,0.03100832924246788,0,0.11734435707330704,0,0,0
2020-10-09,q1,0,0,0.11969990283250809,0,0,0
2020-10-10,q1,0,0,0.12086612731218338,0,0,0
2020-10-11,q1,0,0,0.11940702795982361,0,0,0
2020-10-12,q1,0.037231724709272385,6.453807145589963e-05,0.11787819862365723,0,0,0
2020-10-13,q1,0.0383184440433979,0,0.12030351161956787,0,0,0
2020-10-14,q1,0,0,0.12193023413419724,0,0,0
2020-10-15,q1,0.04166116192936897,0,0.11788780987262726,0,0,0
2020-10-16,q1,0,0,0.11986081302165985,0,0,0
2020-10-17,q1,0,0,0.12070717662572861,0,0,0
2020-10-18,q1,0,0,0.12093240767717361,0,0,0
2020-10-19,q1,0,3.702445246744901e-05,0.12015783786773682,0.00046442457824014127,0,0.0001734328834572807
2020-10-20,q1,0,0,0.12048453092575073,0,0,0
2020-10-21,q1,0,0,0.1211458370089531,0,0,0
2020-10-22,q1,0.03616301342844963,0,0.11802345514297485,0,0,0
2020-10-23,q1,0.03140240162611008,0,0.11648174375295639,0,0,0
2020-10-24,q1,0,0,0.1174469143152237,0,0,0
2020-10-25,q1,0,0,0.11776260286569595,0,0,0
2020-10-26,q1,0.040560849010944366,0,0.11896249651908875,0,0,0.00044870495912618935
2020-10-27,q1,0,0,0.11901088804006577,0,0,0
2020-10-28,q1,0,0,0.11847442388534546,0,0,0
2020-10-29,q1,0,0,0.11858890950679779,0.00011042334517696872,0,0.0001691106881480664
2020-10-30,q1,0.03804762661457062,0,0.119911789894104,0.00014735347940586507,0,0.00018178136087954044
2020-10-31,q1,0.03663592413067818,0,0.120361328125,0,0,0
2020-11-01,q1,0.03643687069416046,0,0.11822842806577682,0,0,0.0001623057760298252
2020-11-02,q1,0,0,0.11941416561603546,0,0,0
2020-11-03,q1,0.03714820370078087,0,0.11739534139633179,0.00016343555762432516,0,0.00028181454399600625
2020-11-04,q1,0,0,0.1164531409740448,0,0,0
2020-11-05,q1,0,7.180719694588333e-05,0.11692171543836594,0,0,0.0002477630623616278
2020-11-06,q1,0,0,0.11641641706228256,0,0,0
2020-11-07,q1,0.044110577553510666,0,0.1154998242855072,4.4726129999617115e-05,0,0.0002914495416916907
2020-11-08,q1,0.04041764512658119,6.878749991301447e-05,0.11492636054754257,9.145009971689433e-05,0,0.0003383747534826398
2020-11-09,q1,0,0,0.11370214074850082,0,0,0
2020-11-10,q1,0,0,0.11498838663101196,0,0,0
2020-11-11,q1,0.04426012188196182,0,0.11270187795162201,5.744686131947674e-05,0,9.016723925014958e-05
2020-11-12,q1,0.04048999771475792,6.034699617885053e-05,0.11413832008838654,0,0,0.00018821847334038466
2020-11-13,q1,0.037777576595544815,0,0.11118820309638977,0,0,0
2020-11-14,q1,0.043542955070734024,8.881483518052846e-05,0.11462823301553726,0,0,0.0003882245800923556
2020-11-15,q1,0.03668578341603279,0,0.11393330246210098,0,0,0.00022080780763644725
2020-11-16,q1,0.03654841333627701,0,0.11289332807064056,0,0,0
2020-11-17,q1,0.03592483699321747,0,0.11461466550827026,0,0,0.00010922006913460791
2020-11-18,q1,0.03371550887823105,0,0.11216134577989578,0,0,0
2020-11-19,q1,0.032356902956962585,0,0.1131572276353836,0,0,0
2020-11-20,q1,0,0,0.11624030768871307,0,0,0
2020-11-21,q1,0,0,0.11619608849287033,0,0,0
2020-11-22,q1,0.030902840197086334,3.87754880648572e-05,0.11680880188941956,2.973197479150258e-05,0,0.00014491906040348113
2020-11-23,q1,0.03962583467364311,6.504360499093309e-05,0.11769282072782516,0,0,8.05143645266071e-05
2020-11-24,q1,0.03527263179421425,0,0.1191752627491951,0,0,0
2020-11-25,q1,0,0,0.1152629554271698,7.460838969564065e-05,0,0
2020-11-26,q1,0.03508692607283592,0,0.11739633977413177,0,0,0.0002421838289592415
2020-11-27,q1,0,0,0.116250179708004,0,0,0
2020-11-28,q1,0,0,0.1153436154127121,0,0,0
2020-11-29,q1,0,0,0.11268872767686844,0,0,0
2020-11-30,q1,0,0,0.11200609058141708,0,0,0
2020-12-01,q1,0,0,0.11163379997015,0,0,0
2020-12-02,q1,0.03542333468794823,5.158571730135009e-05,0.11191356182098389,0,0,0.00010813014523591846
2020-12-03,q1,0.0545758455991745,0.00010946892143692821,0.11380798369646072,3.25335277011618e-05,0,0.00021321068925317377
2020-12-04,q1,0.04621356353163719,0.00018321724201086909,0.11116933822631836,0,0,0.00038130409666337073
2020-12-05,q1,0,0.00014603846648242325,0.11333975195884705,0,0,0.00029248377541080117
2020-12-06,q1,0,0,0.11218367516994476,0,0,0
2020-12-07,q1,0,0,0.10945120453834534,0,0,0
2020-12-08,q1,0,0,0.1088934987783432,0,0,0
2020-12-09,q1,0,0,0.11055485904216766,0,0,4.9190442950930446e-05
2020-12-10,q1,0,0,0.1044776663184166,0,0,0
2020-12-11,q1,0,0,0.109910748898983,0,0,0
2020-12-12,q1,0.03462401032447815,0,0.1089155450463295,0,0,0.00020323098578955978
2020-12-13,q1,0,0,0.11068157851696014,0,0,0
2020-12-14,q1,0.03283490613102913,0.00010921660577878356,0.10929159075021744,0,0,0.00018102054309565574
2020-12-15,q1,0.04201071336865425,0,0.11049710214138031,0,0,0.00019086000975221395
2020-12-16,q1,0.03213130310177803,0,0.11060556769371033,0,0,0
2020-12-17,q1,0.03218340873718262,0,0.10861700028181076,0,0,0
2020-12-18,q1,0,0,0.11082864552736282,0,0,0
2020-12-19,q1,0,0,0.1086374893784523,0,0,0
2020-12-20,q1,0,0,0.10768208652734756,0,0,0
2020-12-21,q1,0,0,0.10653751343488693,0.0006122440099716187,0,0.00028008208028040826
2020-12-22,q1,0,0,0.10989152640104294,0,0,0
2020-12-23,q1,0,0,0.10856661945581436,0,0,0
2020-12-24,q1,0,0,0.10633623600006104,0,0,0
2020-12-25,q1,0,0,0.10803433507680893,0,0,0
2020-12-26,q1,0.0366976298391819,0,0.10902386903762817,0,0,0
2020-12-27,q1,0.04296596720814705,0,0.10602475702762604,6.388979818439111e-05,0,0.00017220541485585272
2020-12-28,q1,0.04030176252126694,0,0.10583674162626266,0.0005381579976528883,0,0.000267259543761611
2020-12-29,q1,0,0,0.10476550459861755,0.00029604299925267696,0,0
2020-12-30,q1,0,0,0.10562463849782944,0,0,0
2020-12-31,q1,0,0,0.10582423210144043,0,0,0
2021-01-01,q1,0,0,0.10594740509986877,0.00020132011559326202,0,0.0003149786207359284
2021-01-02,q1,0.03618321940302849,4.9097416194854304e-05,0.10751974582672119,0,0,0.00019661821715999395
2021-01-03,q1,0,9.436460095457733e-05,0.10643841326236725,0.0003535791183821857,0,0.0005552322836592793
2021-01-04,q1,0,0,0.10830295085906982,0,0,0
2021-01-05,q1,0.03353368118405342,0,0.10683990269899368,0,0,0
2021-01-06,q1,0,0,0.10831746459007263,0,0,0
2021-01-07,q1,0,0.00013751497317571193,0.10636086761951447,0,0,0.0001595277717569843
2021-01-08,q1,0,0,0.10580296814441681,0,0,0
2021-01-09,q1,0.04728097468614578,0.00012741328100673854,0.1069963350892067,0,0,0.00014701805775985122
2021-01-10,q1,0.05379974842071533,0,0.10364774614572525,0,0,0
2021-01-11,q1,0.054963622242212296,0.0001240027486346662,0.10527806729078293,0,0,0.00027324477559886873
2021-01-12,q1,0,0,0.10827023535966873,0,0,0
2021-01-13,q1,0.0676627829670906,0.00018585397629067302,0.1081424281001091,0.0003984687791671604,0,0.0006329171592369676
2021-01-14,q1,0.046462271362543106,0,0.10550618916749954,0,0,0
2021-01-15,q1,0.05772309750318527,9.4224902568385e-05,0.10674852132797241,0,0,0.0001523821847513318
2021-01-16,q1,0.05751878768205643,0.00013837202277500182,0.10891145467758179,0,0,0.0004879009793512523
2021-01-17,q1,0,6.970796675886959e-05,0.10900173336267471,0.00023413312737829983,0,0.00023632279771845788
2021-01-18,q1,0.03994548320770264,8.816136687528342e-05,0.1079474538564682,0,0,0.0003323177224956453
2021-01-19,q1,0,0,0.1091349646449089,0,0,0
2021-01-20,q1,0.05990316718816757,0,0.10626114904880524,0,0,0
2021-01-21,q1,0.05722931772470474,0.0001716656843200326,0.10684002935886383,3.0739469366380945e-05,0,4.6867084165569395e-05
2021-01-22,q1,0.044862985610961914,0,0.10532107204198837,0,0,0
2021-01-23,q1,0.05594879388809204,0.00015241217624861747,0.10408474504947662,0.00011324643855914474,0,0.00030566402710974216
2021-01-24,q1,0.04311823472380638,0,0.10453284531831741,0,0,0
2021-01-25,q1,0.046371255069971085,0,0.10341190546751022,0,0,0
2021-01-26,q1,0.050485122948884964,0,0.1039108857512474,0,0,0.00014468099107034504
2021-01-27,q1,0,0,0.10673076659440994,0,0,0
2021-01-28,q1,0.03915822505950928,0,0.10425441712141037,0,0,0
2021-01-29,q1,0.04248563200235367,0,0.10531310737133026,0,0,9.052951645571738e-05
2021-01-30,q1,0.06917501240968704,0.00019596368656493723,0.10580611974000931,0.0002557325642555952,0,0.0005190889933146536
2021-01-31,q1,0.04989868029952049,0.00012901696027256548,0.10654422640800476,0,0,0.00034701841650530696
2021-02-01,q1,0.05247994512319565,0,0.1076815202832222,0,0,0.0007266125758178532
2021-02-02,q1,0.046524062752723694,0,0.1097169890999794,0,0,0.0003286300925537944
2021-02-03,q1,0.04095911234617233,0,0,0,0,0.0001714184763841331
2021-02-04,q1,0.04448169842362404,0,0.10863704979419708,0,0,0.00037748320028185844
2021-02-05,q1,0.04575705900788307,0,0.11023872345685959,0,0,0
2021-02-06,q1,0.060850709676742554,0,0,0,0,0.0005014933994971216
2021-02-07,q1,0.038665689527988434,0,0.10524491220712662,0,0,0
2021-02-08,q1,0.04190089926123619,0,0.10388324409723282,0,0,0
2021-02-09,q1,0,6.992412818362936e-05,0.10696745663881302,3.13451846523094e-06,0,0.0002923131105490029
2021-02-10,q1,0.04512551799416542,0,0.10752464085817337,0,0,0
2021-02-11,q1,0,0,0.10795583575963974,0,0,0
2021-02-12,q1,0.05925467237830162,0,0.1106458306312561,0,0,0.0003102752671111375
2021-02-13,q1,0.05199234187602997,0,0.10791602730751038,0,0,0.0002918061800301075
2021-02-14,q1,0.049361489713191986,0,0.10889788717031479,0,0,0
2021-02-15,q1,0.046694230288267136,0,0.10993092507123947,0,0,0
2021-02-16,q1,0.04817045480012894,0,0.11235453188419342,0,0,0
2021-02-17,q1,0.0436103530228138,8.339953637914732e-05,0.11121012270450592,0.0007671199273318052,0,0.0002071425406029448
2021-02-18,q1,0.04474777728319168,0,0.11092813313007355,0,0,0.00046947586815804243
2021-02-19,q1,0.04876432195305824,8.8888882601168e-05,0.1111697405576706,0,0,0.0004083421954419464
2021-02-20,q1,0.0444723442196846,8.426686690654606e-05,0.11088566482067108,0,0,0.00043477071449160576
2021-02-21,q1,0.05525658652186394,0,0.11326594650745392,0,0,0
2021-02-22,q1,0.04477964714169502,0,0.11140649765729904,0,0,0
2021-02-23,q1,0,0.0001777197903720662,0.11489953100681305,0.00027187090017832816,0,0.0006007637712173164
2021-02-24,q1,0.04032398760318756,0,0.109747014939785,0.0002116899995598942,0,0.0002893740311264992
2021-02-25,q1,0.04630304500460625,0,0.10930836945772171,0.0013956782640889287,0,0.00034086525556631386
2021-02-26,q1,0.053737130016088486,0,0.109870545566082,0,0,0.00024109012156259269
2021-02-27,q1,0.05986959487199783,0,0.1111496090888977,0,0,0.00018220451602246612
2021-02-28,q1,0.03698399290442467,0,0.10605040192604065,0,0,0
2021-03-01,q1,0.03549525886774063,0,0.10732261091470718,0,0,0.00018315408669877797
2021-03-02,q1,0.034338030964136124,0,0.10808313637971878,0,0,0.0005921031115576625
2021-03-03,q1,0,0,0.10738084465265274,0,0,0
2021-03-04,q1,0.03418577089905739,7.385440403595567e-05,0.11006995290517807,1.6805837731226347e-05,0,5.7745342928683385e-05
2021-03-05,q1,0.03486368805170059,0.00011034453200409189,0.10953070968389511,0.00023017138300929219,0,0.00024942442541942
2021-03-06,q1,0,0.0001138243023888208,0.11076939851045609,0,0,0.0006262357346713543
2021-03-07,q1,0.03635620325803757,7.75306107243523e-05,0.11081636697053909,1.4370883036463056e-05,0,0.0002773048763629049
2021-03-08,q1,0.047868337482213974,0,0.11041997373104095,0,0,0.0004012392309959978
2021-03-09,q1,0.04875977337360382,0,0.11034132540225983,0.00018170021940022707,0,0.0003377842949703336
2021-03-10,q1,0.046577442437410355,0,0.11122983694076538,0,0,0
2021-03-11,q1,0.04672519117593765,0.0001314547989750281,0.11143352836370468,0,0,0.00025650628958828747
2021-03-12,q1,0,0.00010036931053036824,0.11112982034683228,0.00017948118329513818,0,5.223153948463732e-06
2021-03-13,q1,0.04335847496986389,0,0.10728174448013306,0,0,0.00014544457371812314
2021-03-14,q1,0.05212709680199623,0.00011407157580833882,0.11184044182300568,0,0,0.00031240706448443234
2021-03-15,q1,0.0673893392086029,0,0.11390537023544312,0,0,0.0003757435770239681
2021-03-16,q1,0.06093619018793106,6.97223367751576e-05,0.11510635912418365,0,0,0.00024136762658599764
2021-03-17,q1,0.042783256620168686,0,0.11215902119874954,6.345655128825456e-05,0,0.00033467196044512093
2021-03-18,q1,0.03640877828001976,0,0.11084185540676117,0.0006074055563658476,0,0
2021-03-19,q1,0.040083810687065125,7.374464621534571e-05,0.11127671599388123,0,0,0.0002831328602042049
2021-03-20,q1,0.038667794317007065,0,0.10965408384799957,0,0,0
2021-03-21,q1,0.05214260518550873,9.807895548874512e-05,0.11408203095197678,0,0,0.00021648575784638524
2021-03-22,q1,0.04226802662014961,0.00012906866322737187,0.11456707864999771,0,0,0.00041732913814485073
2021-03-23,q1,0.039746902883052826,0,0.11469089239835739,0,0,0
2021-03-24,q1,0,0,0.1133975237607956,0,0,0
2021-03-25,q1,0.03630143404006958,0,0.11251962184906006,0,0,0
2021-03-26,q1,0,0,0.11526969820261002,0,0,0
2021-03-27,q1,0.04162540286779404,9.97131282929331e-05,0.1180608794093132,0,0,0.00030130523373372853
2021-03-28,q1,0.037876684218645096,6.205971294548362e-05,0.11395293474197388,0.00044088184949941933,0,0.00041969347512349486
2021-03-29,q1,0.04133659228682518,4.8665002395864576e-05,0.11313983798027039,0,0,0.00032739073503762484
2021-03-30,q1,0.04754004627466202,0,0.11477121710777283,0,0,0
2021-03-31,q1,0.05633149296045303,0,0.11733293533325195,0,0,0.0006376471719704568
2021-04-01,q1,0.051027752459049225,0,0.11610886454582214,0,0,0.0002808216377161443
2021-04-02,q1,0.04676530882716179,0,0.11652986705303192,0,0,0.0006119919707998633
2021-04-03,q1,0.0370381698012352,0,0.11449097841978073,0,0,0.0002614737022668123
2021-04-04,q1,0,0,0.11227816343307495,0,0,0
2021-04-05,q1,0.03781527280807495,0,0.11978226155042648,0,0,0
2021-04-06,q1,0.041727058589458466,7.925515819806606e-05,0.12040768563747406,0,0,0.0003294403140898794
2021-04-07,q1,0.04743777588009834,0.00011353388981660828,0.1217108890414238,0,0,0.0005824289983138442
2021-04-08,q1,0.049656882882118225,0,0.12063415348529816,0,0,0
2021-04-09,q1,0,0,0.11718880385160446,0,0,0
2021-04-10,q1,0.05121077224612236,0,0.1170625314116478,3.6410765460459515e-05,0,0.00016859466268215328
2021-04-11,q1,0,0,0.11830998957157135,0,0,0
2021-04-12,q1,0,0,0.12089367210865021,0,0,0
2021-04-13,q1,0,0,0,0,0,0
2021-04-14,q1,0.042092278599739075,0,0.12080323696136475,0.00034680269891396165,0,0.00039481709245592356
2021-04-15,q1,0.058439966291189194,0,0.12358874082565308,0.00012632230937015265,0,0.0003302757104393095
2021-04-16,q1,0.047377001494169235,0,0.12227516621351242,0.00021427555475383997,0,0.00044329141383059323
2021-04-17,q1,0.05341474339365959,0,0.12134051322937012,0,0,0
2021-04-18,q1,0.04275866597890854,0,0.12311572581529617,0,0,0.00035043046227656305
2021-04-19,q1,0,0,0.12229422479867935,0,0,0
2021-04-20,q1,0,0,0.122977115213871,0,0,0
2021-04-21,q1,0,0,0.12385082244873047,0,0,0
2021-04-22,q1,0,0,0.12511225044727325,0,0,0
2021-04-23,q1,0.04214482754468918,0,0.12452666461467743,0,0,0
2021-04-24,q1,0.03884115070104599,0,0.12313839048147202,0,0,0
2021-04-25,q1,0.03637763485312462,0,0.1211303174495697,0.00021401570120360702,0,0.00011076296505052596
2021-04-26,q1,0.04003558307886124,0,0.12099795043468475,4.121718302485533e-05,0,5.977661567158066e-05
2021-04-27,q1,0.04049264267086983,0.0001271183864446357,0.12473614513874054,0,0,0.00020732598204631358
2021-04-28,q1,0.04178326204419136,0,0.12394777685403824,0,0,0
2021-04-29,q1,0.04047505557537079,0,0.12115135043859482,4.7557456127833575e-05,0,0.0003320733376313001
2021-04-30,q1,0.04069344326853752,0,0.12126150727272034,0.00078219996066764,0,0.00018495153926778585
2021-05-01,q1,0.03457255661487579,0,0.12030322849750519,0,0,7.118880603229627e-05
2021-05-02,q1,0.038782209157943726,0,0.1225976049900055,0.00025236140936613083,0,0.00014508693129755557
2021-05-03,q1,0.0434093251824379,9.111296822084114e-05,0.11935503780841827,0.000496185792144388,0,0.000332806957885623
2021-05-04,q1,0.044966891407966614,0,0.11917776614427567,0,0,0.0003875649708788842
2021-05-05,q1,0.03310968354344368,4.9316935474053025e-05,0.11945594847202301,0,0,3.862342782667838e-05
2021-05-06,q1,0,0,0.11961504817008972,0,0,0
2021-05-07,q1,0,0,0.12218824028968811,0,0,0
2021-05-08,q1,0,0,0.12369868904352188,0,0,0
2021-05-09,q1,0.036820318549871445,6.763635610695928e-05,0.1275922954082489,2.5429984816582873e-05,0,9.045282058650628e-05
2021-05-10,q1,0.03540797159075737,0,0.12261070311069489,0,0,5.450707612908445e-05
2021-05-11,q1,0.0349118709564209,0,0.11847182363271713,0,0,0.0002461843250785023
2021-05-12,q1,0,0,0.12202706187963486,0,0,0
2021-05-13,q1,0.035585228353738785,9.841652354225516e-05,0.12632893025875092,0,0,0.00027559063164517283
2021-05-14,q1,0,0,0.12499302625656128,2.165306796086952e-05,0,0.00032737551373429596
2021-05-15,q1,0,0,0.1218302771449089,0,0,0
2021-05-16,q1,0.03566836938261986,0,0.1256507784128189,0,0,0
2021-05-17,q1,0,0,0.12308406084775925,0,0,0
2021-05-18,q1,0,0,0.12217413634061813,0,0,0
2021-05-19,q1,0.029813988134264946,7.758568244753405e-05,0.12430538237094879,0,0,0.0002458531816955656
2021-05-20,q1,0.03324079141020775,5.2340514230309054e-05,0.12322226911783218,0,0,0.00022763220476917922
2021-05-21,q1,0,0,0.12285954505205154,0,0,0
2021-05-22,q1,0,0,0.12218690663576126,0,0,0
2021-05-23,q1,0,0,0.12204934656620026,0,0,0
2021-05-24,q1,0,0,0.12418556213378906,0,0,0
2021-05-25,q1,0,0,0.12455412745475769,0,0,0
2021-05-26,q1,0,0,0.12478722631931305,0,0,0
2021-05-27,q1,0,0,0.12266372889280319,0,0,0
2021-05-28,q1,0.029985927045345306,0,0.12171004712581635,0,0,0.00012811827764380723
2021-05-29,q1,0,0,0.12308100610971451,0,0,0
2021-05-30,q1,0.029098104685544968,0,0.1273333877325058,0,0,0.00022864343191031367
2021-05-31,q1,0.03021804802119732,0,0.1246783509850502,0,0,0
2021-06-01,q1,0,0,0.12335702776908875,0,0,0
2021-06-02,q1,0.03514011576771736,0,0.12345481663942337,0,0,0
2021-06-03,q1,0.03226037323474884,0,0.12320047616958618,0,0,0.00010990245937136933
2021-06-04,q1,0.02540043741464615,0,0.11946526914834976,0,0,0.0001515334442956373
2021-06-05,q1,0.03063151426613331,0,0.11849384754896164,0,0,0
2021-06-06,q1,0,0,0.12265558540821075,0,0,0
2021-06-07,q1,0,0,0.12319234013557434,0,0,0
2021-06-08,q1,0,0,0.12253298610448837,0,0,0
2021-06-09,q1,0,0,0.11890372633934021,0,0,0
2021-06-10,q1,0,0,0.12292402982711792,0,0,0
2021-06-11,q1,0.026607457548379898,0,0.12287502735853195,0,0,0.00028308818582445383
2021-06-12,q1,0,0,0.12178919464349747,0,0,0
2021-06-13,q1,0.02748282067477703,0,0.12112180888652802,0,0,0
2021-06-14,q1,0,0,0.12162011116743088,0,0,0
2021-06-15,q1,0.02633792720735073,0,0.12277983129024506,0,0,0
2021-06-16,q1,0.026265235617756844,0,0.12380724400281906,0,0,0
2021-06-17,q1,0.02732442133128643,0,0.12102953344583511,0.0006239399081096053,0,0.0002011234755627811
2021-06-18,q1,0.03059552237391472,0,0,0,0,0
2021-06-19,q1,0.030477400869131088,6.937344005564228e-05,0.12122050672769547,0,0,0.0003862188896164298
2021-06-20,q1,0.021443238481879234,2.400555786152836e-05,0.1208002120256424,6.695895717712119e-05,0,0.0003181851643603295
2021-06-21,q1,0.022081514820456505,0,0.12048612534999847,0,0,1.9425662685534917e-05
2021-06-22,q1,0,0,0.12466257065534592,0,0,0
2021-06-23,q1,0,0,0.12121035158634186,0,0,0
2021-06-24,q1,0.027346104383468628,5.6304179452126846e-05,0.12122480571269989,0,0,8.885133865987882e-05
2021-06-25,q1,0.02457878738641739,0,0.12188375741243362,0,0,0
2021-06-26,q1,0.025877727195620537,0,0.12397059053182602,0.00011660163727356121,0,4.974305920768529e-05
2021-06-27,q1,0.02581963874399662,0,0.12071041017770767,0,0,0.00012297954526729882
2021-06-28,q1,0.023519366979599,3.601971911848523e-05,0.12199844419956207,0,0,0.0001142128967330791
2021-06-29,q1,0.02829057164490223,0,0.12026173621416092,0,0,0.0003756810910999775
2021-06-30,q1,0.02827315963804722,0,0.11797153204679489,0,0,0.0001547916908748448
2021-07-01,q1,0.022562354803085327,0,0.11708860099315643,0,0,0.00019275935483165085
2021-07-02,q1,0.0279094148427248,0,0.1198469027876854,3.6558958527166396e-05,0,5.783623055322096e-05
2021-07-03,q1,0.027300259098410606,5.6980290537467226e-05,0.12329065799713135,0.0005854195915162563,0,0.000453008251497522
2021-07-04,q1,0,0,0.12096327543258667,0,0,0
2021-07-05,q1,0,0,0.12219779938459396,0,0,0
2021-07-06,q1,0,0,0.1234205812215805,0,0,0
2021-07-07,q1,0.02815755270421505,0,0.12369029968976974,0,0,0
2021-07-08,q1,0,0,0.12443388998508453,0.0004422419879119843,0,0.00018174754222854972
2021-07-09,q1,0,0,0.12367267161607742,0,0,0
2021-07-10,q1,0.026285506784915924,0,0.12358304113149643,0,0,0
2021-07-11,q1,0.024749280884861946,6.241862138267606e-05,0.12779751420021057,1.022867945721373e-05,0,0.00014250936510507017
2021-07-12,q1,0.024073608219623566,0,0.12097632139921188,0,0,0.00017795713210944086
2021-07-13,q1,0,0,0.12147931009531021,0,0,0
2021-07-14,q1,0,0,0.1217644214630127,0,0,0
2021-07-15,q1,0,0,0.12029223889112473,0,0,0
2021-07-16,q1,0,1.5044170140754431e-05,0.12051070481538773,0.00027256348403170705,0,0.00019234126375522465
2021-07-17,q1,0.02228817157447338,2.495427725079935e-05,0.12211927026510239,0.0002134752576239407,0,0
2021-07-18,q1,0.02069573849439621,0,0.12135957181453705,0,0,0
2021-07-19,q1,0.021469920873641968,0,0.12014204263687134,0,0,0
2021-07-20,q1,0,0,0.12295057624578476,0,0,0
2021-07-21,q1,0.026300758123397827,0,0.12120500952005386,0.0002095008094329387,0,0
2021-07-22,q1,0,0,0.12115442752838135,0,0,0
2021-07-23,q1,0,0,0.12327230721712112,0,0,0
2021-07-24,q1,0,2.571144977991935e-05,0.12059034407138824,0,0,0
2021-07-25,q1,0.025659725069999695,0,0.12200809270143509,0.00018308800645172596,0,0
2021-07-26,q1,0.024800371378660202,0,0.12141773104667664,0,0,0
2021-07-27,q1,0.021987831220030785,0,0.11971886456012726,0,0,0
2021-07-28,q1,0,0,0.12008720636367798,0,0,0
2021-07-29,q1,0,0,0.12246119230985641,0,0,0
2021-07-30,q1,0,0,0.1217169538140297,0,0,0
2021-07-31,q1,0.02685641683638096,0,0.12103210389614105,0,0,0
2021-08-01,q1,0.02691255696117878,0,0.11874212324619293,0,0,0
2021-08-02,q1,0.024068009108304977,1.6065130694187246e-05,0.12166529893875122,0.0001016292444546707,0,0.00013187690638005733
2021-08-03,q1,0.027522381395101547,0,0.1227547898888588,0.000513171951752156,0,0.0002572981175035238
2021-08-04,q1,0.02558722347021103,0,0.12445197254419327,0,0,0
2021-08-05,q1,0.02854117564857006,0,0.12421826273202896,0,0,0
2021-08-06,q1,0,0,0.12055852264165878,0,0,0
2021-08-07,q1,0.020865129306912422,0,0.11925661563873291,0,0,0
2021-08-08,q1,0.025278296321630478,0,0.11826128512620926,0,0,0
2021-08-09,q1,0,0,0.12058170139789581,0,0,0.00029464089311659336
2021-08-10,q1,0.026091882959008217,0,0.1203920915722847,0,0,0
